<?xml version="1.0" encoding="utf-8" standalone="yes"?>
<rss version="2.0" xmlns:atom="http://www.w3.org/2005/Atom">
  <channel>
    <title>行业观察 on 一个程序员的博客</title>
    <link>https://hehe-1234.xyz/categories/%E8%A1%8C%E4%B8%9A%E8%A7%82%E5%AF%9F/</link>
    <description>Recent content in 行业观察 on 一个程序员的博客</description>
    <generator>Hugo -- gohugo.io</generator>
    <language>zh-CN</language>
    <lastBuildDate>Fri, 02 Feb 2024 09:08:07 +0800</lastBuildDate><atom:link href="https://hehe-1234.xyz/categories/%E8%A1%8C%E4%B8%9A%E8%A7%82%E5%AF%9F/index.xml" rel="self" type="application/rss+xml" />
    <item>
      <title>Data engineering at Meta</title>
      <link>https://hehe-1234.xyz/post/2024/02/data-engineering-at-meta/</link>
      <pubDate>Fri, 02 Feb 2024 09:08:07 +0800</pubDate>
      
      <guid>https://hehe-1234.xyz/post/2024/02/data-engineering-at-meta/</guid>
      <description>High-Level Overview of the internal tech stack</description>
    </item>
    
    <item>
      <title>OceanBase开发者大会分享</title>
      <link>https://hehe-1234.xyz/post/2023/03/oceanbase%E5%BC%80%E5%8F%91%E8%80%85%E5%A4%A7%E4%BC%9A/</link>
      <pubDate>Sun, 26 Mar 2023 11:32:19 +0800</pubDate>
      
      <guid>https://hehe-1234.xyz/post/2023/03/oceanbase%E5%BC%80%E5%8F%91%E8%80%85%E5%A4%A7%E4%BC%9A/</guid>
      <description>看了几位大佬的分享，总结一下</description>
    </item>
    
  </channel>
</rss>
