<?xml version="1.0" encoding="utf-8" standalone="yes"?>
<rss version="2.0" xmlns:atom="http://www.w3.org/2005/Atom">
  <channel>
    <title>Hive on 一个程序员的博客</title>
    <link>https://hehe-1234.xyz/tags/hive/</link>
    <description>Recent content in Hive on 一个程序员的博客</description>
    <generator>Hugo -- gohugo.io</generator>
    <language>zh-CN</language>
    <lastBuildDate>Sun, 14 Jan 2024 09:08:07 +0800</lastBuildDate><atom:link href="https://hehe-1234.xyz/tags/hive/index.xml" rel="self" type="application/rss+xml" />
    <item>
      <title>Hive MetaStore的实现和优化</title>
      <link>https://hehe-1234.xyz/post/2024/01/hms/</link>
      <pubDate>Sun, 14 Jan 2024 09:08:07 +0800</pubDate>
      
      <guid>https://hehe-1234.xyz/post/2024/01/hms/</guid>
      <description>Hive MetaStore的实现原理，Hive Thrift 客户端和服务端的实现，MetaCat对 HMS 的兼容以及优化，Spark调用 HMS 的逻辑</description>
    </item>
    
    <item>
      <title>Hive论文</title>
      <link>https://hehe-1234.xyz/post/2022/03/hive%E8%AE%BA%E6%96%87/</link>
      <pubDate>Sun, 20 Mar 2022 08:54:37 +0800</pubDate>
      
      <guid>https://hehe-1234.xyz/post/2022/03/hive%E8%AE%BA%E6%96%87/</guid>
      <description>Hive论文</description>
    </item>
    
  </channel>
</rss>
