<?xml version="1.0" encoding="utf-8" standalone="yes"?>
<rss version="2.0" xmlns:atom="http://www.w3.org/2005/Atom">
  <channel>
    <title>测试 on 一个程序员的博客</title>
    <link>https://hehe-1234.xyz/tags/%E6%B5%8B%E8%AF%95/</link>
    <description>Recent content in 测试 on 一个程序员的博客</description>
    <generator>Hugo -- gohugo.io</generator>
    <language>zh-CN</language>
    <lastBuildDate>Fri, 26 Nov 2021 17:46:21 +0800</lastBuildDate><atom:link href="https://hehe-1234.xyz/tags/%E6%B5%8B%E8%AF%95/index.xml" rel="self" type="application/rss+xml" />
    <item>
      <title>TPC-DS</title>
      <link>https://hehe-1234.xyz/post/2021/11/tpc-ds/</link>
      <pubDate>Fri, 26 Nov 2021 17:46:21 +0800</pubDate>
      
      <guid>https://hehe-1234.xyz/post/2021/11/tpc-ds/</guid>
      <description>TPC-DS的安装和测试</description>
    </item>
    
  </channel>
</rss>
