<?xml version="1.0" encoding="utf-8" standalone="yes"?>
<rss version="2.0" xmlns:atom="http://www.w3.org/2005/Atom">
  <channel>
    <title>网络 on 一个程序员的博客</title>
    <link>https://hehe-1234.xyz/tags/%E7%BD%91%E7%BB%9C/</link>
    <description>Recent content in 网络 on 一个程序员的博客</description>
    <generator>Hugo -- gohugo.io</generator>
    <language>zh-CN</language>
    <lastBuildDate>Sun, 16 Oct 2022 12:12:19 +0800</lastBuildDate><atom:link href="https://hehe-1234.xyz/tags/%E7%BD%91%E7%BB%9C/index.xml" rel="self" type="application/rss+xml" />
    <item>
      <title>容器网络</title>
      <link>https://hehe-1234.xyz/post/2022/10/%E5%AE%B9%E5%99%A8%E7%BD%91%E7%BB%9C/</link>
      <pubDate>Sun, 16 Oct 2022 12:12:19 +0800</pubDate>
      
      <guid>https://hehe-1234.xyz/post/2022/10/%E5%AE%B9%E5%99%A8%E7%BD%91%E7%BB%9C/</guid>
      <description>容器网络原理</description>
    </item>
    
  </channel>
</rss>
