<?xml version="1.0" encoding="utf-8" standalone="yes"?>
<rss version="2.0" xmlns:atom="http://www.w3.org/2005/Atom">
  <channel>
    <title>raft on 一个程序员的博客</title>
    <link>https://hehe-1234.xyz/tags/raft/</link>
    <description>Recent content in raft on 一个程序员的博客</description>
    <generator>Hugo -- gohugo.io</generator>
    <language>zh-CN</language>
    <lastBuildDate>Sun, 05 Jun 2022 09:43:19 +0800</lastBuildDate><atom:link href="https://hehe-1234.xyz/tags/raft/index.xml" rel="self" type="application/rss+xml" />
    <item>
      <title>Raft A Consensus Algorithm for Replicated Logs记录</title>
      <link>https://hehe-1234.xyz/post/2022/06/raft-a-consensus-algorithm-for-replicated-logs%E8%AE%B0%E5%BD%95/</link>
      <pubDate>Sun, 05 Jun 2022 09:43:19 +0800</pubDate>
      
      <guid>https://hehe-1234.xyz/post/2022/06/raft-a-consensus-algorithm-for-replicated-logs%E8%AE%B0%E5%BD%95/</guid>
      <description>Raft A Consensus Algorithm for Replicated Logs总结</description>
    </item>
    
    <item>
      <title>Raft论文</title>
      <link>https://hehe-1234.xyz/post/2022/05/raft%E8%AE%BA%E6%96%87/</link>
      <pubDate>Mon, 16 May 2022 18:43:19 +0800</pubDate>
      
      <guid>https://hehe-1234.xyz/post/2022/05/raft%E8%AE%BA%E6%96%87/</guid>
      <description>In Search of an Understandable Consensus Algorithm</description>
    </item>
    
  </channel>
</rss>
