<?xml version="1.0" encoding="utf-8" standalone="yes"?>
<rss version="2.0" xmlns:atom="http://www.w3.org/2005/Atom">
  <channel>
    <title>工作记录 on 一个程序员的博客</title>
    <link>https://hehe-1234.xyz/tags/%E5%B7%A5%E4%BD%9C%E8%AE%B0%E5%BD%95/</link>
    <description>Recent content in 工作记录 on 一个程序员的博客</description>
    <generator>Hugo -- gohugo.io</generator>
    <language>zh-CN</language>
    <lastBuildDate>Thu, 24 Oct 2024 09:13:07 +0800</lastBuildDate><atom:link href="https://hehe-1234.xyz/tags/%E5%B7%A5%E4%BD%9C%E8%AE%B0%E5%BD%95/index.xml" rel="self" type="application/rss+xml" />
    <item>
      <title>个人工作简介</title>
      <link>https://hehe-1234.xyz/post/2024/10/me/</link>
      <pubDate>Thu, 24 Oct 2024 09:13:07 +0800</pubDate>
      
      <guid>https://hehe-1234.xyz/post/2024/10/me/</guid>
      <description>工作简介，包括几份工作的主要工作内容、详细工作内容的链接、产品的架构设计图等</description>
    </item>
    
    <item>
      <title>TPCx-HS优化总结</title>
      <link>https://hehe-1234.xyz/post/2023/11/tpcx-hs%E4%BC%98%E5%8C%96%E6%80%BB%E7%BB%93/</link>
      <pubDate>Thu, 09 Nov 2023 09:13:07 +0800</pubDate>
      
      <guid>https://hehe-1234.xyz/post/2023/11/tpcx-hs%E4%BC%98%E5%8C%96%E6%80%BB%E7%BB%93/</guid>
      <description>TPCx-HS优化总结</description>
    </item>
    
    <item>
      <title>资源隔离修改配置动态加载</title>
      <link>https://hehe-1234.xyz/post/2023/06/%E8%B5%84%E6%BA%90%E9%9A%94%E7%A6%BB%E4%BF%AE%E6%94%B9%E9%85%8D%E7%BD%AE%E5%8A%A8%E6%80%81%E5%8A%A0%E8%BD%BD/</link>
      <pubDate>Sun, 14 May 2023 11:23:04 +0800</pubDate>
      
      <guid>https://hehe-1234.xyz/post/2023/06/%E8%B5%84%E6%BA%90%E9%9A%94%E7%A6%BB%E4%BF%AE%E6%94%B9%E9%85%8D%E7%BD%AE%E5%8A%A8%E6%80%81%E5%8A%A0%E8%BD%BD/</guid>
      <description>在资源隔离大功能的基础上，实现动态加载配置修改功能，当用户 alter 了资源配置表，会动态生效</description>
    </item>
    
    <item>
      <title>资源隔离设计</title>
      <link>https://hehe-1234.xyz/post/2023/06/%E8%B5%84%E6%BA%90%E9%9A%94%E7%A6%BB%E8%AE%BE%E8%AE%A1/</link>
      <pubDate>Sat, 13 May 2023 11:23:04 +0800</pubDate>
      
      <guid>https://hehe-1234.xyz/post/2023/06/%E8%B5%84%E6%BA%90%E9%9A%94%E7%A6%BB%E8%AE%BE%E8%AE%A1/</guid>
      <description>基于高可用的两层调度方式，配合 k8s 实现一套资源隔离机制，并实现自定义的语法</description>
    </item>
    
    <item>
      <title>镜像合并&amp;配置文件同步</title>
      <link>https://hehe-1234.xyz/post/2023/06/%E9%95%9C%E5%83%8F%E5%90%88%E5%B9%B6%E9%85%8D%E7%BD%AE%E6%96%87%E4%BB%B6%E5%90%8C%E6%AD%A5/</link>
      <pubDate>Fri, 12 May 2023 11:23:04 +0800</pubDate>
      
      <guid>https://hehe-1234.xyz/post/2023/06/%E9%95%9C%E5%83%8F%E5%90%88%E5%B9%B6%E9%85%8D%E7%BD%AE%E6%96%87%E4%BB%B6%E5%90%8C%E6%AD%A5/</guid>
      <description>将业务镜像和底层基础镜像合并，去掉spark的k8s模板配置文件，通过init容器 + env + volumn方式实现</description>
    </item>
    
    <item>
      <title>高可用设计</title>
      <link>https://hehe-1234.xyz/post/2022/09/%E9%AB%98%E5%8F%AF%E7%94%A8%E8%AE%BE%E8%AE%A1/</link>
      <pubDate>Sun, 18 Sep 2022 12:12:19 +0800</pubDate>
      
      <guid>https://hehe-1234.xyz/post/2022/09/%E9%AB%98%E5%8F%AF%E7%94%A8%E8%AE%BE%E8%AE%A1/</guid>
      <description>扩展spark thrift，变成两层调度</description>
    </item>
    
    <item>
      <title>Kyuubi设计调研</title>
      <link>https://hehe-1234.xyz/post/2022/08/kyuubi%E8%AE%BE%E8%AE%A1%E8%B0%83%E7%A0%94/</link>
      <pubDate>Mon, 01 Aug 2022 12:12:19 +0800</pubDate>
      
      <guid>https://hehe-1234.xyz/post/2022/08/kyuubi%E8%AE%BE%E8%AE%A1%E8%B0%83%E7%A0%94/</guid>
      <description>Kyuubi设计调研</description>
    </item>
    
    <item>
      <title>容灾部署调研</title>
      <link>https://hehe-1234.xyz/post/2022/07/%E5%AE%B9%E7%81%BE%E9%83%A8%E7%BD%B2%E8%B0%83%E7%A0%94/</link>
      <pubDate>Sat, 30 Jul 2022 14:32:19 +0800</pubDate>
      
      <guid>https://hehe-1234.xyz/post/2022/07/%E5%AE%B9%E7%81%BE%E9%83%A8%E7%BD%B2%E8%B0%83%E7%A0%94/</guid>
      <description>容灾部署调研</description>
    </item>
    
    <item>
      <title>自定义HiveServer设计</title>
      <link>https://hehe-1234.xyz/post/2022/06/%E8%87%AA%E5%AE%9A%E4%B9%89hiveserver%E8%AE%BE%E8%AE%A1/</link>
      <pubDate>Sun, 05 Jun 2022 09:43:19 +0800</pubDate>
      
      <guid>https://hehe-1234.xyz/post/2022/06/%E8%87%AA%E5%AE%9A%E4%B9%89hiveserver%E8%AE%BE%E8%AE%A1/</guid>
      <description>实现一套自己定义的Hive RPC服务</description>
    </item>
    
    <item>
      <title>几种开源数据库对元数据的管理</title>
      <link>https://hehe-1234.xyz/post/2022/01/%E5%87%A0%E7%A7%8D%E5%BC%80%E6%BA%90%E6%95%B0%E6%8D%AE%E5%BA%93%E5%AF%B9%E5%85%83%E6%95%B0%E6%8D%AE%E7%9A%84%E7%AE%A1%E7%90%86/</link>
      <pubDate>Tue, 25 Jan 2022 18:17:22 +0800</pubDate>
      
      <guid>https://hehe-1234.xyz/post/2022/01/%E5%87%A0%E7%A7%8D%E5%BC%80%E6%BA%90%E6%95%B0%E6%8D%AE%E5%BA%93%E5%AF%B9%E5%85%83%E6%95%B0%E6%8D%AE%E7%9A%84%E7%AE%A1%E7%90%86/</guid>
      <description>几种开源数据库对元数据的管理</description>
    </item>
    
    <item>
      <title>数据迁移工具DB-bridge</title>
      <link>https://hehe-1234.xyz/post/2021/12/%E6%95%B0%E6%8D%AE%E8%BF%81%E7%A7%BB%E5%B7%A5%E5%85%B7db-bridge/</link>
      <pubDate>Thu, 30 Dec 2021 13:07:19 +0800</pubDate>
      
      <guid>https://hehe-1234.xyz/post/2021/12/%E6%95%B0%E6%8D%AE%E8%BF%81%E7%A7%BB%E5%B7%A5%E5%85%B7db-bridge/</guid>
      <description>Teradata调研</description>
    </item>
    
    <item>
      <title>HANA调研</title>
      <link>https://hehe-1234.xyz/post/2021/12/hana%E8%B0%83%E7%A0%94/</link>
      <pubDate>Wed, 29 Dec 2021 13:07:19 +0800</pubDate>
      
      <guid>https://hehe-1234.xyz/post/2021/12/hana%E8%B0%83%E7%A0%94/</guid>
      <description>HANA调研</description>
    </item>
    
    <item>
      <title>Teradata调研</title>
      <link>https://hehe-1234.xyz/post/2021/12/teradata%E8%B0%83%E7%A0%94/</link>
      <pubDate>Tue, 28 Dec 2021 13:07:19 +0800</pubDate>
      
      <guid>https://hehe-1234.xyz/post/2021/12/teradata%E8%B0%83%E7%A0%94/</guid>
      <description>Teradata调研</description>
    </item>
    
    <item>
      <title>统一查询项目整合Calcite</title>
      <link>https://hehe-1234.xyz/post/2021/12/%E7%BB%9F%E4%B8%80%E6%9F%A5%E8%AF%A2%E6%95%B4%E5%90%88calcite/</link>
      <pubDate>Mon, 27 Dec 2021 13:07:19 +0800</pubDate>
      
      <guid>https://hehe-1234.xyz/post/2021/12/%E7%BB%9F%E4%B8%80%E6%9F%A5%E8%AF%A2%E6%95%B4%E5%90%88calcite/</guid>
      <description>统一查询项目介绍</description>
    </item>
    
    <item>
      <title>统一查询项目介绍</title>
      <link>https://hehe-1234.xyz/post/2021/12/%E7%BB%9F%E4%B8%80%E6%9F%A5%E8%AF%A2%E9%A1%B9%E7%9B%AE%E4%BB%8B%E7%BB%8D/</link>
      <pubDate>Sun, 26 Dec 2021 13:07:19 +0800</pubDate>
      
      <guid>https://hehe-1234.xyz/post/2021/12/%E7%BB%9F%E4%B8%80%E6%9F%A5%E8%AF%A2%E9%A1%B9%E7%9B%AE%E4%BB%8B%E7%BB%8D/</guid>
      <description>统一查询项目介绍</description>
    </item>
    
    <item>
      <title>QuickSQL执行过程</title>
      <link>https://hehe-1234.xyz/post/2021/12/quicksql%E6%89%A7%E8%A1%8C%E8%BF%87%E7%A8%8B/</link>
      <pubDate>Sun, 26 Dec 2021 13:06:19 +0800</pubDate>
      
      <guid>https://hehe-1234.xyz/post/2021/12/quicksql%E6%89%A7%E8%A1%8C%E8%BF%87%E7%A8%8B/</guid>
      <description>quick-sql 原理分析</description>
    </item>
    
    <item>
      <title>HANA和TeraData数据库迁移调研</title>
      <link>https://hehe-1234.xyz/post/2021/11/hana%E5%92%8Cteradata%E6%95%B0%E6%8D%AE%E5%BA%93%E8%BF%81%E7%A7%BB%E8%B0%83%E7%A0%94/</link>
      <pubDate>Fri, 26 Nov 2021 17:46:21 +0800</pubDate>
      
      <guid>https://hehe-1234.xyz/post/2021/11/hana%E5%92%8Cteradata%E6%95%B0%E6%8D%AE%E5%BA%93%E8%BF%81%E7%A7%BB%E8%B0%83%E7%A0%94/</guid>
      <description>调研HANA和TD的数据类型，各种语法，调研迁移的可能性</description>
    </item>
    
  </channel>
</rss>
