<?xml version="1.0" encoding="utf-8" standalone="yes"?>
<rss version="2.0" xmlns:atom="http://www.w3.org/2005/Atom">
  <channel>
    <title>大数据 on 一个程序员的博客</title>
    <link>https://hehe-1234.xyz/categories/%E5%A4%A7%E6%95%B0%E6%8D%AE/</link>
    <description>Recent content in 大数据 on 一个程序员的博客</description>
    <generator>Hugo -- gohugo.io</generator>
    <language>zh-CN</language>
    <lastBuildDate>Wed, 02 Oct 2024 09:08:07 +0800</lastBuildDate><atom:link href="https://hehe-1234.xyz/categories/%E5%A4%A7%E6%95%B0%E6%8D%AE/index.xml" rel="self" type="application/rss+xml" />
    <item>
      <title>Parquet for Spark</title>
      <link>https://hehe-1234.xyz/post/2024/10/parquet_4_spark/</link>
      <pubDate>Wed, 02 Oct 2024 09:08:07 +0800</pubDate>
      
      <guid>https://hehe-1234.xyz/post/2024/10/parquet_4_spark/</guid>
      <description>Spark执行Delta的过程，通过自定义的format格式，到DataFrameWriter.saveToV1Source，在是到DeltaDataSource#createRealation，写入做优化事务处理，再用FileFormatWriter创建多个Task并行写入，之后就是到Parquet内部执行阶段。Parquet包含Row Groups，往下是Column Chunk，再往下是Page，文件尾部包含Footer和一些元数据信息。Spark是按行写入的，一次写一行，每行写对应的 column。Parquet编码包括Dictionary Encoding、Run Length Encoding (RLE)、Delta Encoding。读取的主要类是VectorizedParquetRecordReader执行一批读取，调用VectorizedColumnReaders(对应每个column)，再调用VectorizedValuesReader(读取一个column中的一段数据)，返回由上层应用消费 。</description>
    </item>
    
    <item>
      <title>Spark-Streaming 原理</title>
      <link>https://hehe-1234.xyz/post/2024/09/spark_streaming/</link>
      <pubDate>Mon, 09 Sep 2024 09:08:07 +0800</pubDate>
      
      <guid>https://hehe-1234.xyz/post/2024/09/spark_streaming/</guid>
      <description>spark streaming的基本原理，包括MicroBatchExecution，ContinuousExecution，通过IncrementalExecution + 状态实现micro-batch 并复用了spark 的所有查询逻辑；Source接口支持 getOffset，commit，可以自定义各种扩展实现；Sink包括：FileStreamSink、KafkaSink、DeltaSink、、ForeachBatchSink，ForeachWriteTable；Stateful将信息存如StateStoreRDD，保存到 HDFSBackedStateStoreProvider、RocksDBStateStoreProvider 中；Stream-Stream Join使用了StreamingSymmetricHashJoin，需要保证状态；Session Window同样也是通过插入一些流相关的算子 + 状态保存实现的</description>
    </item>
    
    <item>
      <title>Compaction in Apache Iceberg</title>
      <link>https://hehe-1234.xyz/post/2024/03/compaction-_in_apache_iceberg/</link>
      <pubDate>Thu, 29 Feb 2024 09:08:07 +0800</pubDate>
      
      <guid>https://hehe-1234.xyz/post/2024/03/compaction-_in_apache_iceberg/</guid>
      <description>压缩，可以将多个小文件合并为大文件提高读性能，几种压缩策略：binpack（简单合并）、sort、z-order（适合多列查询），Expire Snapshots 可以删除过期的数据文件，还提供了参数可以自动删除manifest 文件、保留多少manifest文件，以及清除orphan 文件</description>
    </item>
    
    <item>
      <title>The Life of a Read/Write Query for Apache Iceberg Tables</title>
      <link>https://hehe-1234.xyz/post/2024/03/the_life_of_iceberg/</link>
      <pubDate>Mon, 26 Feb 2024 09:08:07 +0800</pubDate>
      
      <guid>https://hehe-1234.xyz/post/2024/03/the_life_of_iceberg/</guid>
      <description>介绍了存储的结构，元数据层包括：manifest files、manifest list, metadata files，catalog指向最新的 metadata files；每一层都可以做裁减，包括数据层，介绍了读取、time travel过程，是自上往下的读取和裁减过程；写入过程：插入、删除、merge过程，写 过程是自下而上的，通过 切换catalog指向，利用OCC控制并发，实现ACID</description>
    </item>
    
    <item>
      <title>Data Ingestion: Architectural Patterns</title>
      <link>https://hehe-1234.xyz/post/2024/02/data_ingestion_architectural_patterns/</link>
      <pubDate>Mon, 15 Jan 2024 09:08:07 +0800</pubDate>
      
      <guid>https://hehe-1234.xyz/post/2024/02/data_ingestion_architectural_patterns/</guid>
      <description>data ingestion 的几种架构：Unified Data Repository、Data Virtualization、ETL、ELT、Stream Processing</description>
    </item>
    
    <item>
      <title>Hive MetaStore的实现和优化</title>
      <link>https://hehe-1234.xyz/post/2024/01/hms/</link>
      <pubDate>Sun, 14 Jan 2024 09:08:07 +0800</pubDate>
      
      <guid>https://hehe-1234.xyz/post/2024/01/hms/</guid>
      <description>Hive MetaStore的实现原理，Hive Thrift 客户端和服务端的实现，MetaCat对 HMS 的兼容以及优化，Spark调用 HMS 的逻辑</description>
    </item>
    
    <item>
      <title>Analyzing and Comparing Lakehouse Storage Systems</title>
      <link>https://hehe-1234.xyz/post/2024/01/lakehouse_storage_systems/</link>
      <pubDate>Wed, 10 Jan 2024 09:08:07 +0800</pubDate>
      
      <guid>https://hehe-1234.xyz/post/2024/01/lakehouse_storage_systems/</guid>
      <description>讨论了 LakeHouse 系统设计的难点，在不可变高延迟的对象存储之上，增加事务特性，三大系统都使用了OCC做隔离，事务实现都用了MVCC，源数据库管理delta和hudi用了表格式，iceberg用了层次存储(单节点处理)，数据更新三者都支持CoW(适合读多写少场景)，hudi和iceberg支持MoR(适合写多的场景)</description>
    </item>
    
    <item>
      <title>The History of Big data</title>
      <link>https://hehe-1234.xyz/post/2023/11/%E5%A4%A7%E6%95%B0%E6%8D%AE%E5%8E%86%E5%8F%B2/</link>
      <pubDate>Sun, 19 Nov 2023 09:13:07 +0800</pubDate>
      
      <guid>https://hehe-1234.xyz/post/2023/11/%E5%A4%A7%E6%95%B0%E6%8D%AE%E5%8E%86%E5%8F%B2/</guid>
      <description>从谷歌的三篇论文到Hadoop的诞生，再是各种开源产品依次出现，Hive对MapReduce的易用性改进，三大Hadoop 供应商，谷歌新三篇论文诞生了交互式查询（三大供应商推出）以及各种开源存储格式，Spark的出现和各种流处理系统，Netflix也证明了云的强大，流批一体以及各种分布式调度系统，基于云的数仓产品出现，HDFS替换上云、容器化出现、全托管数仓Modern Data Stack、深度学习对Hadoop的影响，三大供应商被收购，三大开放表格存储的出现，几个元数据管理产品，几个新的调度框架，LakeHouse的出现以及相关类似云产品</description>
    </item>
    
    <item>
      <title>TPCx-HS优化总结</title>
      <link>https://hehe-1234.xyz/post/2023/11/tpcx-hs%E4%BC%98%E5%8C%96%E6%80%BB%E7%BB%93/</link>
      <pubDate>Thu, 09 Nov 2023 09:13:07 +0800</pubDate>
      
      <guid>https://hehe-1234.xyz/post/2023/11/tpcx-hs%E4%BC%98%E5%8C%96%E6%80%BB%E7%BB%93/</guid>
      <description>TPCx-HS优化总结</description>
    </item>
    
    <item>
      <title>Presto在各大公司的应用</title>
      <link>https://hehe-1234.xyz/post/2023/07/presto%E5%9C%A8%E5%90%84%E5%A4%A7%E5%85%AC%E5%8F%B8%E7%9A%84%E5%BA%94%E7%94%A8/</link>
      <pubDate>Wed, 12 Jul 2023 09:11:07 +0800</pubDate>
      
      <guid>https://hehe-1234.xyz/post/2023/07/presto%E5%9C%A8%E5%90%84%E5%A4%A7%E5%85%AC%E5%8F%B8%E7%9A%84%E5%BA%94%E7%94%A8/</guid>
      <description>Presto在 B站、字节跳动等 各大公司的应用</description>
    </item>
    
    <item>
      <title>资源隔离修改配置动态加载</title>
      <link>https://hehe-1234.xyz/post/2023/06/%E8%B5%84%E6%BA%90%E9%9A%94%E7%A6%BB%E4%BF%AE%E6%94%B9%E9%85%8D%E7%BD%AE%E5%8A%A8%E6%80%81%E5%8A%A0%E8%BD%BD/</link>
      <pubDate>Sun, 14 May 2023 11:23:04 +0800</pubDate>
      
      <guid>https://hehe-1234.xyz/post/2023/06/%E8%B5%84%E6%BA%90%E9%9A%94%E7%A6%BB%E4%BF%AE%E6%94%B9%E9%85%8D%E7%BD%AE%E5%8A%A8%E6%80%81%E5%8A%A0%E8%BD%BD/</guid>
      <description>在资源隔离大功能的基础上，实现动态加载配置修改功能，当用户 alter 了资源配置表，会动态生效</description>
    </item>
    
    <item>
      <title>资源隔离设计</title>
      <link>https://hehe-1234.xyz/post/2023/06/%E8%B5%84%E6%BA%90%E9%9A%94%E7%A6%BB%E8%AE%BE%E8%AE%A1/</link>
      <pubDate>Sat, 13 May 2023 11:23:04 +0800</pubDate>
      
      <guid>https://hehe-1234.xyz/post/2023/06/%E8%B5%84%E6%BA%90%E9%9A%94%E7%A6%BB%E8%AE%BE%E8%AE%A1/</guid>
      <description>基于高可用的两层调度方式，配合 k8s 实现一套资源隔离机制，并实现自定义的语法</description>
    </item>
    
    <item>
      <title>镜像合并&amp;配置文件同步</title>
      <link>https://hehe-1234.xyz/post/2023/06/%E9%95%9C%E5%83%8F%E5%90%88%E5%B9%B6%E9%85%8D%E7%BD%AE%E6%96%87%E4%BB%B6%E5%90%8C%E6%AD%A5/</link>
      <pubDate>Fri, 12 May 2023 11:23:04 +0800</pubDate>
      
      <guid>https://hehe-1234.xyz/post/2023/06/%E9%95%9C%E5%83%8F%E5%90%88%E5%B9%B6%E9%85%8D%E7%BD%AE%E6%96%87%E4%BB%B6%E5%90%8C%E6%AD%A5/</guid>
      <description>将业务镜像和底层基础镜像合并，去掉spark的k8s模板配置文件，通过init容器 + env + volumn方式实现</description>
    </item>
    
    <item>
      <title>Photon A Fast Query Engine for Lakehouse Systems</title>
      <link>https://hehe-1234.xyz/post/2023/01/photon-a-fast-query-engine-for-lakehouse-systems/</link>
      <pubDate>Mon, 02 Jan 2023 10:35:19 +0800</pubDate>
      
      <guid>https://hehe-1234.xyz/post/2023/01/photon-a-fast-query-engine-for-lakehouse-systems/</guid>
      <description>Databricks 2022年在SIGMOD上发表的论文(最佳工业论文奖)，由于I/O方面有很多优化措施，而JVM的对向量化支持较差，之后用C++实现了向量化的执行引擎Photon，来实现进一步的性能提升；首先是从最底层scan开始替换，因为中间替换的代价较高，之后不断往上，直到某个算子Photon不能适配，则由列存转换为Spark的行存，退回到Spark执行，总体看性能可以提升好几倍</description>
    </item>
    
    <item>
      <title>高可用设计</title>
      <link>https://hehe-1234.xyz/post/2022/09/%E9%AB%98%E5%8F%AF%E7%94%A8%E8%AE%BE%E8%AE%A1/</link>
      <pubDate>Sun, 18 Sep 2022 12:12:19 +0800</pubDate>
      
      <guid>https://hehe-1234.xyz/post/2022/09/%E9%AB%98%E5%8F%AF%E7%94%A8%E8%AE%BE%E8%AE%A1/</guid>
      <description>扩展spark thrift，变成两层调度</description>
    </item>
    
    <item>
      <title>Kyuubi设计调研</title>
      <link>https://hehe-1234.xyz/post/2022/08/kyuubi%E8%AE%BE%E8%AE%A1%E8%B0%83%E7%A0%94/</link>
      <pubDate>Mon, 01 Aug 2022 12:12:19 +0800</pubDate>
      
      <guid>https://hehe-1234.xyz/post/2022/08/kyuubi%E8%AE%BE%E8%AE%A1%E8%B0%83%E7%A0%94/</guid>
      <description>Kyuubi设计调研</description>
    </item>
    
    <item>
      <title>Snowflake论文</title>
      <link>https://hehe-1234.xyz/post/2023/03/snowflake%E8%AE%BA%E6%96%87/</link>
      <pubDate>Sat, 02 Jul 2022 14:32:19 +0800</pubDate>
      
      <guid>https://hehe-1234.xyz/post/2023/03/snowflake%E8%AE%BA%E6%96%87/</guid>
      <description>The Snowflake Elastic Data Warehouse 论文 2015年发表在 sigmod上的</description>
    </item>
    
    <item>
      <title>Spark SQL论文</title>
      <link>https://hehe-1234.xyz/post/2022/07/spark-sql%E8%AE%BA%E6%96%87/</link>
      <pubDate>Fri, 01 Jul 2022 20:45:19 +0800</pubDate>
      
      <guid>https://hehe-1234.xyz/post/2022/07/spark-sql%E8%AE%BA%E6%96%87/</guid>
      <description>Spark SQL: Relational Data Processing in Spark 论文</description>
    </item>
    
    <item>
      <title>Delta Lake论文</title>
      <link>https://hehe-1234.xyz/post/2022/06/delta-lake%E8%AE%BA%E6%96%87/</link>
      <pubDate>Fri, 24 Jun 2022 21:45:19 +0800</pubDate>
      
      <guid>https://hehe-1234.xyz/post/2022/06/delta-lake%E8%AE%BA%E6%96%87/</guid>
      <description>Delta Lake: High-Performance ACID Table Storage over Cloud Object Stores 论文</description>
    </item>
    
    <item>
      <title>自定义HiveServer设计</title>
      <link>https://hehe-1234.xyz/post/2022/06/%E8%87%AA%E5%AE%9A%E4%B9%89hiveserver%E8%AE%BE%E8%AE%A1/</link>
      <pubDate>Sun, 05 Jun 2022 09:43:19 +0800</pubDate>
      
      <guid>https://hehe-1234.xyz/post/2022/06/%E8%87%AA%E5%AE%9A%E4%B9%89hiveserver%E8%AE%BE%E8%AE%A1/</guid>
      <description>实现一套自己定义的Hive RPC服务</description>
    </item>
    
    <item>
      <title>BigTable论文</title>
      <link>https://hehe-1234.xyz/post/2023/03/bigtable%E8%AE%BA%E6%96%87/</link>
      <pubDate>Wed, 20 Apr 2022 20:43:19 +0800</pubDate>
      
      <guid>https://hehe-1234.xyz/post/2023/03/bigtable%E8%AE%BA%E6%96%87/</guid>
      <description>BigTable论文</description>
    </item>
    
    <item>
      <title>MapReduce论文</title>
      <link>https://hehe-1234.xyz/post/2022/04/mapreduce%E8%AE%BA%E6%96%87/</link>
      <pubDate>Wed, 20 Apr 2022 12:43:19 +0800</pubDate>
      
      <guid>https://hehe-1234.xyz/post/2022/04/mapreduce%E8%AE%BA%E6%96%87/</guid>
      <description>MapReduce论文</description>
    </item>
    
    <item>
      <title>GFS论文</title>
      <link>https://hehe-1234.xyz/post/2022/04/gfs%E8%AE%BA%E6%96%87/</link>
      <pubDate>Wed, 13 Apr 2022 08:54:19 +0800</pubDate>
      
      <guid>https://hehe-1234.xyz/post/2022/04/gfs%E8%AE%BA%E6%96%87/</guid>
      <description>读GFS论文</description>
    </item>
    
    <item>
      <title>MapRedue是一个巨大的退步</title>
      <link>https://hehe-1234.xyz/post/2022/03/mapredue%E6%98%AF%E4%B8%80%E4%B8%AA%E5%B7%A8%E5%A4%A7%E7%9A%84%E9%80%80%E6%AD%A5/</link>
      <pubDate>Sat, 26 Mar 2022 11:38:31 +0800</pubDate>
      
      <guid>https://hehe-1234.xyz/post/2022/03/mapredue%E6%98%AF%E4%B8%80%E4%B8%AA%E5%B7%A8%E5%A4%A7%E7%9A%84%E9%80%80%E6%AD%A5/</guid>
      <description>2008年的一篇文章，著名数据库专家抨击MapReduce相比数据库是巨大退步</description>
    </item>
    
    <item>
      <title>Hive论文</title>
      <link>https://hehe-1234.xyz/post/2022/03/hive%E8%AE%BA%E6%96%87/</link>
      <pubDate>Sun, 20 Mar 2022 08:54:37 +0800</pubDate>
      
      <guid>https://hehe-1234.xyz/post/2022/03/hive%E8%AE%BA%E6%96%87/</guid>
      <description>Hive论文</description>
    </item>
    
    <item>
      <title>Spark逻辑计划的解析</title>
      <link>https://hehe-1234.xyz/post/2022/03/spark%E9%80%BB%E8%BE%91%E8%AE%A1%E5%88%92%E7%9A%84%E8%A7%A3%E6%9E%90/</link>
      <pubDate>Sun, 06 Mar 2022 11:20:43 +0800</pubDate>
      
      <guid>https://hehe-1234.xyz/post/2022/03/spark%E9%80%BB%E8%BE%91%E8%AE%A1%E5%88%92%E7%9A%84%E8%A7%A3%E6%9E%90/</guid>
      <description>介绍spark是如何做逻辑计划解析，并优化的</description>
    </item>
    
    <item>
      <title>Spark的注入规则</title>
      <link>https://hehe-1234.xyz/post/2022/03/spark%E7%9A%84%E6%B3%A8%E5%85%A5%E8%A7%84%E5%88%99/</link>
      <pubDate>Fri, 04 Mar 2022 21:46:12 +0800</pubDate>
      
      <guid>https://hehe-1234.xyz/post/2022/03/spark%E7%9A%84%E6%B3%A8%E5%85%A5%E8%A7%84%E5%88%99/</guid>
      <description>扩展Spark的注入规则，实现updaet</description>
    </item>
    
    <item>
      <title>Kudu的模型设计</title>
      <link>https://hehe-1234.xyz/post/2022/02/kudu%E7%9A%84%E6%A8%A1%E5%9E%8B%E8%AE%BE%E8%AE%A1/</link>
      <pubDate>Sun, 13 Feb 2022 14:28:17 +0800</pubDate>
      
      <guid>https://hehe-1234.xyz/post/2022/02/kudu%E7%9A%84%E6%A8%A1%E5%9E%8B%E8%AE%BE%E8%AE%A1/</guid>
      <description>关于kudu的数据模型</description>
    </item>
    
    <item>
      <title>几种开源数据库对元数据的管理</title>
      <link>https://hehe-1234.xyz/post/2022/01/%E5%87%A0%E7%A7%8D%E5%BC%80%E6%BA%90%E6%95%B0%E6%8D%AE%E5%BA%93%E5%AF%B9%E5%85%83%E6%95%B0%E6%8D%AE%E7%9A%84%E7%AE%A1%E7%90%86/</link>
      <pubDate>Tue, 25 Jan 2022 18:17:22 +0800</pubDate>
      
      <guid>https://hehe-1234.xyz/post/2022/01/%E5%87%A0%E7%A7%8D%E5%BC%80%E6%BA%90%E6%95%B0%E6%8D%AE%E5%BA%93%E5%AF%B9%E5%85%83%E6%95%B0%E6%8D%AE%E7%9A%84%E7%AE%A1%E7%90%86/</guid>
      <description>几种开源数据库对元数据的管理</description>
    </item>
    
    <item>
      <title>统一查询项目整合Calcite</title>
      <link>https://hehe-1234.xyz/post/2021/12/%E7%BB%9F%E4%B8%80%E6%9F%A5%E8%AF%A2%E6%95%B4%E5%90%88calcite/</link>
      <pubDate>Mon, 27 Dec 2021 13:07:19 +0800</pubDate>
      
      <guid>https://hehe-1234.xyz/post/2021/12/%E7%BB%9F%E4%B8%80%E6%9F%A5%E8%AF%A2%E6%95%B4%E5%90%88calcite/</guid>
      <description>统一查询项目介绍</description>
    </item>
    
    <item>
      <title>统一查询项目介绍</title>
      <link>https://hehe-1234.xyz/post/2021/12/%E7%BB%9F%E4%B8%80%E6%9F%A5%E8%AF%A2%E9%A1%B9%E7%9B%AE%E4%BB%8B%E7%BB%8D/</link>
      <pubDate>Sun, 26 Dec 2021 13:07:19 +0800</pubDate>
      
      <guid>https://hehe-1234.xyz/post/2021/12/%E7%BB%9F%E4%B8%80%E6%9F%A5%E8%AF%A2%E9%A1%B9%E7%9B%AE%E4%BB%8B%E7%BB%8D/</guid>
      <description>统一查询项目介绍</description>
    </item>
    
    <item>
      <title>QuickSQL执行过程</title>
      <link>https://hehe-1234.xyz/post/2021/12/quicksql%E6%89%A7%E8%A1%8C%E8%BF%87%E7%A8%8B/</link>
      <pubDate>Sun, 26 Dec 2021 13:06:19 +0800</pubDate>
      
      <guid>https://hehe-1234.xyz/post/2021/12/quicksql%E6%89%A7%E8%A1%8C%E8%BF%87%E7%A8%8B/</guid>
      <description>quick-sql 原理分析</description>
    </item>
    
    <item>
      <title>Spark论文</title>
      <link>https://hehe-1234.xyz/post/2021/11/spark%E8%AE%BA%E6%96%87/</link>
      <pubDate>Sat, 06 Nov 2021 08:49:11 +0800</pubDate>
      
      <guid>https://hehe-1234.xyz/post/2021/11/spark%E8%AE%BA%E6%96%87/</guid>
      <description>读Spark论文</description>
    </item>
    
  </channel>
</rss>
