<?xml version="1.0" encoding="utf-8" standalone="yes"?>
<rss version="2.0" xmlns:atom="http://www.w3.org/2005/Atom">
  <channel>
    <title>Data_Ingestion on 一个程序员的博客</title>
    <link>https://hehe-1234.xyz/tags/data_ingestion/</link>
    <description>Recent content in Data_Ingestion on 一个程序员的博客</description>
    <generator>Hugo -- gohugo.io</generator>
    <language>zh-CN</language>
    <lastBuildDate>Mon, 15 Jan 2024 09:08:07 +0800</lastBuildDate><atom:link href="https://hehe-1234.xyz/tags/data_ingestion/index.xml" rel="self" type="application/rss+xml" />
    <item>
      <title>Data Ingestion: Architectural Patterns</title>
      <link>https://hehe-1234.xyz/post/2024/02/data_ingestion_architectural_patterns/</link>
      <pubDate>Mon, 15 Jan 2024 09:08:07 +0800</pubDate>
      
      <guid>https://hehe-1234.xyz/post/2024/02/data_ingestion_architectural_patterns/</guid>
      <description>data ingestion 的几种架构：Unified Data Repository、Data Virtualization、ETL、ELT、Stream Processing</description>
    </item>
    
  </channel>
</rss>
