<?xml version="1.0" encoding="utf-8" standalone="yes"?>
<rss version="2.0" xmlns:atom="http://www.w3.org/2005/Atom">
  <channel>
    <title>分布式 on 一个程序员的博客</title>
    <link>https://hehe-1234.xyz/categories/%E5%88%86%E5%B8%83%E5%BC%8F/</link>
    <description>Recent content in 分布式 on 一个程序员的博客</description>
    <generator>Hugo -- gohugo.io</generator>
    <language>zh-CN</language>
    <lastBuildDate>Thu, 16 Jun 2022 09:43:19 +0800</lastBuildDate><atom:link href="https://hehe-1234.xyz/categories/%E5%88%86%E5%B8%83%E5%BC%8F/index.xml" rel="self" type="application/rss+xml" />
    <item>
      <title>Chubby论文</title>
      <link>https://hehe-1234.xyz/post/2022/06/chubby%E8%AE%BA%E6%96%87/</link>
      <pubDate>Thu, 16 Jun 2022 09:43:19 +0800</pubDate>
      
      <guid>https://hehe-1234.xyz/post/2022/06/chubby%E8%AE%BA%E6%96%87/</guid>
      <description>The Chubby lock service for loosely-coupled distributed systems 论文</description>
    </item>
    
    <item>
      <title>Raft A Consensus Algorithm for Replicated Logs记录</title>
      <link>https://hehe-1234.xyz/post/2022/06/raft-a-consensus-algorithm-for-replicated-logs%E8%AE%B0%E5%BD%95/</link>
      <pubDate>Sun, 05 Jun 2022 09:43:19 +0800</pubDate>
      
      <guid>https://hehe-1234.xyz/post/2022/06/raft-a-consensus-algorithm-for-replicated-logs%E8%AE%B0%E5%BD%95/</guid>
      <description>Raft A Consensus Algorithm for Replicated Logs总结</description>
    </item>
    
    <item>
      <title>Raft论文</title>
      <link>https://hehe-1234.xyz/post/2022/05/raft%E8%AE%BA%E6%96%87/</link>
      <pubDate>Mon, 16 May 2022 18:43:19 +0800</pubDate>
      
      <guid>https://hehe-1234.xyz/post/2022/05/raft%E8%AE%BA%E6%96%87/</guid>
      <description>In Search of an Understandable Consensus Algorithm</description>
    </item>
    
    <item>
      <title>Basic Paxos总结</title>
      <link>https://hehe-1234.xyz/post/2022/05/basic-paxos/</link>
      <pubDate>Sat, 14 May 2022 09:43:19 +0800</pubDate>
      
      <guid>https://hehe-1234.xyz/post/2022/05/basic-paxos/</guid>
      <description>Implemening Replicated Logs with Paxos 中的Basic Paxos部分</description>
    </item>
    
    <item>
      <title>Paxos Made Simple论文</title>
      <link>https://hehe-1234.xyz/post/2022/05/paxos-made-simple%E8%AE%BA%E6%96%87/</link>
      <pubDate>Sun, 01 May 2022 20:43:19 +0800</pubDate>
      
      <guid>https://hehe-1234.xyz/post/2022/05/paxos-made-simple%E8%AE%BA%E6%96%87/</guid>
      <description>Paxos Made Simple论文</description>
    </item>
    
  </channel>
</rss>
