<?xml version="1.0" encoding="utf-8" standalone="yes"?>
<rss version="2.0" xmlns:atom="http://www.w3.org/2005/Atom">
  <channel>
    <title>LevelDB on 一个程序员的博客</title>
    <link>https://hehe-1234.xyz/tags/leveldb/</link>
    <description>Recent content in LevelDB on 一个程序员的博客</description>
    <generator>Hugo -- gohugo.io</generator>
    <language>zh-CN</language>
    <lastBuildDate>Fri, 14 Apr 2023 19:20:03 +0800</lastBuildDate><atom:link href="https://hehe-1234.xyz/tags/leveldb/index.xml" rel="self" type="application/rss+xml" />
    <item>
      <title>LevelDB 多版本和压缩</title>
      <link>https://hehe-1234.xyz/post/2023/04/levedb-%E5%A4%9A%E7%89%88%E6%9C%AC%E5%92%8C%E5%8E%8B%E7%BC%A9/</link>
      <pubDate>Fri, 14 Apr 2023 19:20:03 +0800</pubDate>
      
      <guid>https://hehe-1234.xyz/post/2023/04/levedb-%E5%A4%9A%E7%89%88%E6%9C%AC%E5%92%8C%E5%8E%8B%E7%BC%A9/</guid>
      <description>LevelDB 多版本和压缩</description>
    </item>
    
    <item>
      <title>LevelDB 辅助工具类</title>
      <link>https://hehe-1234.xyz/post/2023/04/levedb-%E5%B7%A5%E5%85%B7%E7%B1%BB/</link>
      <pubDate>Tue, 11 Apr 2023 09:20:01 +0800</pubDate>
      
      <guid>https://hehe-1234.xyz/post/2023/04/levedb-%E5%B7%A5%E5%85%B7%E7%B1%BB/</guid>
      <description>LevelDB 的辅助工具类，如内存分配、编码、LRU、bloom filter等</description>
    </item>
    
    <item>
      <title>LevelDB SSTable模块</title>
      <link>https://hehe-1234.xyz/post/2023/04/levedb-sstable%E6%A8%A1%E5%9D%97/</link>
      <pubDate>Sun, 09 Apr 2023 09:22:11 +0800</pubDate>
      
      <guid>https://hehe-1234.xyz/post/2023/04/levedb-sstable%E6%A8%A1%E5%9D%97/</guid>
      <description>LevelDB 的SSTable模块，存储在磁盘上的结构，包括文件格式的组织、数据文件块是如何读取的、索引文件块是如何组织的</description>
    </item>
    
    <item>
      <title>LevelDB MemTable模块</title>
      <link>https://hehe-1234.xyz/post/2023/04/levedb-memtable%E6%A8%A1%E5%9D%97/</link>
      <pubDate>Thu, 06 Apr 2023 11:32:19 +0800</pubDate>
      
      <guid>https://hehe-1234.xyz/post/2023/04/levedb-memtable%E6%A8%A1%E5%9D%97/</guid>
      <description>LevelDB 的MemTable模块，底层使用 skip-list实现的，用来实现内存的读、写操作</description>
    </item>
    
    <item>
      <title>LevelDB Log模块</title>
      <link>https://hehe-1234.xyz/post/2023/04/levedb-log%E6%A8%A1%E5%9D%97/</link>
      <pubDate>Mon, 03 Apr 2023 11:32:19 +0800</pubDate>
      
      <guid>https://hehe-1234.xyz/post/2023/04/levedb-log%E6%A8%A1%E5%9D%97/</guid>
      <description>LevelDB 的Log模块，用来实现WAL</description>
    </item>
    
    <item>
      <title>LevelDB 公开的接口</title>
      <link>https://hehe-1234.xyz/post/2023/03/levedb-%E5%85%AC%E5%BC%80%E6%8E%A5%E5%8F%A3/</link>
      <pubDate>Thu, 30 Mar 2023 11:32:19 +0800</pubDate>
      
      <guid>https://hehe-1234.xyz/post/2023/03/levedb-%E5%85%AC%E5%BC%80%E6%8E%A5%E5%8F%A3/</guid>
      <description>LevelDB 的 src/include目录下的公开接口、跨平台的移植(对文件读写、线程、锁做了简单封装方便了跨平台迁移)，读写流程的大致流程等</description>
    </item>
    
    <item>
      <title>LevelDB 基本概念</title>
      <link>https://hehe-1234.xyz/post/2023/03/levedb-%E5%9F%BA%E6%9C%AC%E6%A6%82%E5%BF%B5/</link>
      <pubDate>Mon, 27 Mar 2023 11:32:19 +0800</pubDate>
      
      <guid>https://hehe-1234.xyz/post/2023/03/levedb-%E5%9F%BA%E6%9C%AC%E6%A6%82%E5%BF%B5/</guid>
      <description>LevelDB的架构，各个组件的基本原理，一些基本操作(open、增删改)，高级特性(options、自定义比较器)</description>
    </item>
    
  </channel>
</rss>
