<?xml version="1.0" encoding="utf-8" standalone="yes"?>
<rss version="2.0" xmlns:atom="http://www.w3.org/2005/Atom">
  <channel>
    <title>calcite on 一个程序员的博客</title>
    <link>https://hehe-1234.xyz/tags/calcite/</link>
    <description>Recent content in calcite on 一个程序员的博客</description>
    <generator>Hugo -- gohugo.io</generator>
    <language>zh-CN</language>
    <lastBuildDate>Mon, 27 Dec 2021 13:07:19 +0800</lastBuildDate><atom:link href="https://hehe-1234.xyz/tags/calcite/index.xml" rel="self" type="application/rss+xml" />
    <item>
      <title>统一查询项目整合Calcite</title>
      <link>https://hehe-1234.xyz/post/2021/12/%E7%BB%9F%E4%B8%80%E6%9F%A5%E8%AF%A2%E6%95%B4%E5%90%88calcite/</link>
      <pubDate>Mon, 27 Dec 2021 13:07:19 +0800</pubDate>
      
      <guid>https://hehe-1234.xyz/post/2021/12/%E7%BB%9F%E4%B8%80%E6%9F%A5%E8%AF%A2%E6%95%B4%E5%90%88calcite/</guid>
      <description>统一查询项目介绍</description>
    </item>
    
    <item>
      <title>统一查询项目介绍</title>
      <link>https://hehe-1234.xyz/post/2021/12/%E7%BB%9F%E4%B8%80%E6%9F%A5%E8%AF%A2%E9%A1%B9%E7%9B%AE%E4%BB%8B%E7%BB%8D/</link>
      <pubDate>Sun, 26 Dec 2021 13:07:19 +0800</pubDate>
      
      <guid>https://hehe-1234.xyz/post/2021/12/%E7%BB%9F%E4%B8%80%E6%9F%A5%E8%AF%A2%E9%A1%B9%E7%9B%AE%E4%BB%8B%E7%BB%8D/</guid>
      <description>统一查询项目介绍</description>
    </item>
    
  </channel>
</rss>
