<?xml version="1.0" encoding="utf-8" standalone="yes"?>
<rss version="2.0" xmlns:atom="http://www.w3.org/2005/Atom">
  <channel>
    <title>Years on 一个程序员的博客</title>
    <link>https://hehe-1234.xyz/years/</link>
    <description>Recent content in Years on 一个程序员的博客</description>
    <generator>Hugo -- gohugo.io</generator>
    <language>zh-CN</language>
    <lastBuildDate>Mon, 27 Jan 2025 01:08:07 +0800</lastBuildDate><atom:link href="https://hehe-1234.xyz/years/index.xml" rel="self" type="application/rss+xml" />
    <item>
      <title>2025年</title>
      <link>https://hehe-1234.xyz/years/2025%E5%B9%B4/</link>
      <pubDate>Mon, 27 Jan 2025 01:08:07 +0800</pubDate>
      
      <guid>https://hehe-1234.xyz/years/2025%E5%B9%B4/</guid>
      <description></description>
    </item>
    
    <item>
      <title>2024年</title>
      <link>https://hehe-1234.xyz/years/2024%E5%B9%B4/</link>
      <pubDate>Mon, 04 Nov 2024 09:08:07 +0800</pubDate>
      
      <guid>https://hehe-1234.xyz/years/2024%E5%B9%B4/</guid>
      <description></description>
    </item>
    
    <item>
      <title>2023年</title>
      <link>https://hehe-1234.xyz/years/2023%E5%B9%B4/</link>
      <pubDate>Sun, 19 Nov 2023 09:13:07 +0800</pubDate>
      
      <guid>https://hehe-1234.xyz/years/2023%E5%B9%B4/</guid>
      <description></description>
    </item>
    
    <item>
      <title>2022年</title>
      <link>https://hehe-1234.xyz/years/2022%E5%B9%B4/</link>
      <pubDate>Thu, 22 Dec 2022 08:15:19 +0800</pubDate>
      
      <guid>https://hehe-1234.xyz/years/2022%E5%B9%B4/</guid>
      <description></description>
    </item>
    
    <item>
      <title>2021年</title>
      <link>https://hehe-1234.xyz/years/2021%E5%B9%B4/</link>
      <pubDate>Thu, 30 Dec 2021 13:07:19 +0800</pubDate>
      
      <guid>https://hehe-1234.xyz/years/2021%E5%B9%B4/</guid>
      <description></description>
    </item>
    
  </channel>
</rss>
