<?xml version="1.0" encoding="utf-8" standalone="yes"?>
<rss version="2.0" xmlns:atom="http://www.w3.org/2005/Atom">
  <channel>
    <title>Kyuubi on 一个程序员的博客</title>
    <link>https://hehe-1234.xyz/tags/kyuubi/</link>
    <description>Recent content in Kyuubi on 一个程序员的博客</description>
    <generator>Hugo -- gohugo.io</generator>
    <language>zh-CN</language>
    <lastBuildDate>Mon, 01 Aug 2022 12:12:19 +0800</lastBuildDate><atom:link href="https://hehe-1234.xyz/tags/kyuubi/index.xml" rel="self" type="application/rss+xml" />
    <item>
      <title>Kyuubi设计调研</title>
      <link>https://hehe-1234.xyz/post/2022/08/kyuubi%E8%AE%BE%E8%AE%A1%E8%B0%83%E7%A0%94/</link>
      <pubDate>Mon, 01 Aug 2022 12:12:19 +0800</pubDate>
      
      <guid>https://hehe-1234.xyz/post/2022/08/kyuubi%E8%AE%BE%E8%AE%A1%E8%B0%83%E7%A0%94/</guid>
      <description>Kyuubi设计调研</description>
    </item>
    
  </channel>
</rss>
