<?xml version="1.0" encoding="utf-8" standalone="yes"?>
<rss version="2.0" xmlns:atom="http://www.w3.org/2005/Atom">
  <channel>
    <title>Presto on 一个程序员的博客</title>
    <link>https://hehe-1234.xyz/tags/presto/</link>
    <description>Recent content in Presto on 一个程序员的博客</description>
    <generator>Hugo -- gohugo.io</generator>
    <language>zh-CN</language>
    <lastBuildDate>Wed, 12 Jul 2023 09:11:07 +0800</lastBuildDate><atom:link href="https://hehe-1234.xyz/tags/presto/index.xml" rel="self" type="application/rss+xml" />
    <item>
      <title>Presto在各大公司的应用</title>
      <link>https://hehe-1234.xyz/post/2023/07/presto%E5%9C%A8%E5%90%84%E5%A4%A7%E5%85%AC%E5%8F%B8%E7%9A%84%E5%BA%94%E7%94%A8/</link>
      <pubDate>Wed, 12 Jul 2023 09:11:07 +0800</pubDate>
      
      <guid>https://hehe-1234.xyz/post/2023/07/presto%E5%9C%A8%E5%90%84%E5%A4%A7%E5%85%AC%E5%8F%B8%E7%9A%84%E5%BA%94%E7%94%A8/</guid>
      <description>Presto在 B站、字节跳动等 各大公司的应用</description>
    </item>
    
  </channel>
</rss>
