<?xml version="1.0" encoding="utf-8" standalone="yes"?>
<rss version="2.0" xmlns:atom="http://www.w3.org/2005/Atom">
  <channel>
    <title>数据库 on 一个程序员的博客</title>
    <link>https://hehe-1234.xyz/tags/%E6%95%B0%E6%8D%AE%E5%BA%93/</link>
    <description>Recent content in 数据库 on 一个程序员的博客</description>
    <generator>Hugo -- gohugo.io</generator>
    <language>zh-CN</language>
    <lastBuildDate>Sun, 20 Nov 2022 08:35:19 +0800</lastBuildDate><atom:link href="https://hehe-1234.xyz/tags/%E6%95%B0%E6%8D%AE%E5%BA%93/index.xml" rel="self" type="application/rss+xml" />
    <item>
      <title>调试MySQL</title>
      <link>https://hehe-1234.xyz/post/2022/11/%E8%B0%83%E8%AF%95mysql/</link>
      <pubDate>Sun, 20 Nov 2022 08:35:19 +0800</pubDate>
      
      <guid>https://hehe-1234.xyz/post/2022/11/%E8%B0%83%E8%AF%95mysql/</guid>
      <description>搭建一个MySQL调试环境</description>
    </item>
    
    <item>
      <title>Architecture of a Database System论文翻译</title>
      <link>https://hehe-1234.xyz/post/2022/09/architecture-of-a-database-system/</link>
      <pubDate>Sat, 03 Sep 2022 11:11:11 +0800</pubDate>
      
      <guid>https://hehe-1234.xyz/post/2022/09/architecture-of-a-database-system/</guid>
      <description>Hellerstein、Michael Stonebraker、James Hamilton几位大神写的数据库系统架构</description>
    </item>
    
    <item>
      <title>确定要在DBMS中用mmap吗</title>
      <link>https://hehe-1234.xyz/post/2022/08/%E7%A1%AE%E5%AE%9A%E8%A6%81%E5%9C%A8dbms%E4%B8%AD%E7%94%A8mmap%E5%90%97/</link>
      <pubDate>Thu, 11 Aug 2022 19:08:19 +0800</pubDate>
      
      <guid>https://hehe-1234.xyz/post/2022/08/%E7%A1%AE%E5%AE%9A%E8%A6%81%E5%9C%A8dbms%E4%B8%AD%E7%94%A8mmap%E5%90%97/</guid>
      <description>2022年 CIDR的一篇论文，CMU的网红教授发表的，介绍mmap的概念，以及为什么数据库不要用mmap</description>
    </item>
    
    <item>
      <title>为何Uber要将PostgreSQL迁到MySQL</title>
      <link>https://hehe-1234.xyz/post/2022/08/%E4%B8%BA%E4%BD%95uber%E8%A6%81%E5%B0%86postgresql%E8%BF%81%E5%88%B0mysql/</link>
      <pubDate>Mon, 08 Aug 2022 12:12:19 +0800</pubDate>
      
      <guid>https://hehe-1234.xyz/post/2022/08/%E4%B8%BA%E4%BD%95uber%E8%A6%81%E5%B0%86postgresql%E8%BF%81%E5%88%B0mysql/</guid>
      <description>2016年的一篇文章，讲述了uber为什么要将PostgreSQL迁移到MySQL</description>
    </item>
    
    <item>
      <title>PingCAP提供的数据库学习资料</title>
      <link>https://hehe-1234.xyz/post/2022/07/pingcap%E6%8F%90%E4%BE%9B%E7%9A%84%E6%95%B0%E6%8D%AE%E5%BA%93%E5%AD%A6%E4%B9%A0%E8%B5%84%E6%96%99/</link>
      <pubDate>Sat, 02 Jul 2022 14:32:19 +0800</pubDate>
      
      <guid>https://hehe-1234.xyz/post/2022/07/pingcap%E6%8F%90%E4%BE%9B%E7%9A%84%E6%95%B0%E6%8D%AE%E5%BA%93%E5%AD%A6%E4%B9%A0%E8%B5%84%E6%96%99/</guid>
      <description>PingCAP提供的数据库学习资料</description>
    </item>
    
    <item>
      <title>TPC-DS</title>
      <link>https://hehe-1234.xyz/post/2021/11/tpc-ds/</link>
      <pubDate>Fri, 26 Nov 2021 17:46:21 +0800</pubDate>
      
      <guid>https://hehe-1234.xyz/post/2021/11/tpc-ds/</guid>
      <description>TPC-DS的安装和测试</description>
    </item>
    
  </channel>
</rss>
