<?xml version="1.0" encoding="utf-8" standalone="yes"?>
<rss version="2.0" xmlns:atom="http://www.w3.org/2005/Atom">
  <channel>
    <title>MySQL on 一个程序员的博客</title>
    <link>https://hehe-1234.xyz/tags/mysql/</link>
    <description>Recent content in MySQL on 一个程序员的博客</description>
    <generator>Hugo -- gohugo.io</generator>
    <language>zh-CN</language>
    <lastBuildDate>Sun, 01 Jan 2023 08:15:19 +0800</lastBuildDate><atom:link href="https://hehe-1234.xyz/tags/mysql/index.xml" rel="self" type="application/rss+xml" />
    <item>
      <title>MySQL的并发</title>
      <link>https://hehe-1234.xyz/post/2023/01/mysql%E7%9A%84%E5%B9%B6%E5%8F%91/</link>
      <pubDate>Sun, 01 Jan 2023 08:15:19 +0800</pubDate>
      
      <guid>https://hehe-1234.xyz/post/2023/01/mysql%E7%9A%84%E5%B9%B6%E5%8F%91/</guid>
      <description>MVCC的基本概念，读已提交、可重复读隔离级别下的ReadView，MVCC的purage；锁的基本类型，X/S/IX/IS锁；record lock、gap lock、next-key lock、insert intention lock、隐式锁；各种隔离级别下的加锁过程，SHOW ENGINE INNODB STATUS 分析加锁过程，死锁的分析</description>
    </item>
    
    <item>
      <title>MySQL的恢复</title>
      <link>https://hehe-1234.xyz/post/2022/12/mysql%E7%9A%84%E6%81%A2%E5%A4%8D/</link>
      <pubDate>Thu, 22 Dec 2022 08:15:19 +0800</pubDate>
      
      <guid>https://hehe-1234.xyz/post/2022/12/mysql%E7%9A%84%E6%81%A2%E5%A4%8D/</guid>
      <description>redo log的格式(逻辑+物理混合格式)、Mini-Transaction、redo log写入过程，写入page cache，log_sys结构、redo log的文件格式，如何刷新到磁盘上的，checkpoint过程，恢复过程；   undo log的格式(逻辑格式)、undo log的组织、回滚段、系统表空间的5号page，多个回滚段、rollback的过程；以及源码中的redo log定义、undo log定义</description>
    </item>
    
    <item>
      <title>MySQL的缓存</title>
      <link>https://hehe-1234.xyz/post/2022/12/mysql%E7%9A%84%E7%BC%93%E5%AD%98/</link>
      <pubDate>Mon, 19 Dec 2022 08:15:19 +0800</pubDate>
      
      <guid>https://hehe-1234.xyz/post/2022/12/mysql%E7%9A%84%E7%BC%93%E5%AD%98/</guid>
      <description>Buffer Pool、Doublewrite Buffer、Redo相关的Log Buffer，自适应Hash索引、change buffer、以及InnoDB相关的参数汇总</description>
    </item>
    
    <item>
      <title>MySQL查询分析</title>
      <link>https://hehe-1234.xyz/post/2022/12/mysql%E6%9F%A5%E8%AF%A2%E5%88%86%E6%9E%90/</link>
      <pubDate>Thu, 15 Dec 2022 08:15:19 +0800</pubDate>
      
      <guid>https://hehe-1234.xyz/post/2022/12/mysql%E6%9F%A5%E8%AF%A2%E5%88%86%E6%9E%90/</guid>
      <description>一些经典的RBO优化，包括子查询优化；一些CBO优化，统计信息收集，CBO的统计计算方式，常数成本调节；JOIN优化，并详细介绍了EXPLAIN的各个字段含义，其中select_type、type、Extra这几个字段比较重要，另外还有JSON个事的执行计划，optimizer trace</description>
    </item>
    
    <item>
      <title>用工具分析MySQL存储文件</title>
      <link>https://hehe-1234.xyz/post/2022/12/%E7%94%A8%E5%B7%A5%E5%85%B7%E5%88%86%E6%9E%90mysql%E5%AD%98%E5%82%A8%E6%96%87%E4%BB%B6/</link>
      <pubDate>Tue, 13 Dec 2022 08:35:19 +0800</pubDate>
      
      <guid>https://hehe-1234.xyz/post/2022/12/%E7%94%A8%E5%B7%A5%E5%85%B7%E5%88%86%E6%9E%90mysql%E5%AD%98%E5%82%A8%E6%96%87%E4%BB%B6/</guid>
      <description>innodb_ruby是专门分析InnoDB的工具，通过这个工具能获取到系统表空间、普通表空间的统计信息，段信息、区信息，以及4个核心的SYS表；；以及索引信息统计，page信息汇总，page信息dump，还可以用图表的方式展示</description>
    </item>
    
    <item>
      <title>MySQL文件存储结构</title>
      <link>https://hehe-1234.xyz/post/2022/12/mysql%E6%96%87%E4%BB%B6%E5%AD%98%E5%82%A8%E7%BB%93%E6%9E%84/</link>
      <pubDate>Fri, 02 Dec 2022 08:35:19 +0800</pubDate>
      
      <guid>https://hehe-1234.xyz/post/2022/12/mysql%E6%96%87%E4%BB%B6%E5%AD%98%E5%82%A8%E7%BB%93%E6%9E%84/</guid>
      <description>InnoDB架构包含内存、磁盘两种结构；基于磁盘的结构中包括：系统表空间、普通表空间、通用表空间、双写缓冲区、Undo表空间、redo日志；临时表空间；这里最重要的当属系统表空间 和 普通表空间；普通表空间分为段、区、页、行这些概念，256个区一组，第0组包含FSP_HDR、XDES、INODE，存储数据的地方是INDEX；系统表空间则多了Data Dictionary Header部分</description>
    </item>
    
  </channel>
</rss>
