<?xml version="1.0" encoding="utf-8" standalone="yes"?>
<rss version="2.0" xmlns:atom="http://www.w3.org/2005/Atom">
  <channel>
    <title>scala on 一个程序员的博客</title>
    <link>https://hehe-1234.xyz/tags/scala/</link>
    <description>Recent content in scala on 一个程序员的博客</description>
    <generator>Hugo -- gohugo.io</generator>
    <language>zh-CN</language>
    <lastBuildDate>Tue, 15 Oct 2024 09:08:07 +0800</lastBuildDate><atom:link href="https://hehe-1234.xyz/tags/scala/index.xml" rel="self" type="application/rss+xml" />
    <item>
      <title>scala总结</title>
      <link>https://hehe-1234.xyz/post/2024/10/scala_summary/</link>
      <pubDate>Tue, 15 Oct 2024 09:08:07 +0800</pubDate>
      
      <guid>https://hehe-1234.xyz/post/2024/10/scala_summary/</guid>
      <description>高阶函数、函数柯里化、隐式转换(类型，对象)，lazy延迟计算、最后一行默认返回return。内置的可变 不可变集合、自动类型推导、操作符重载、模式匹配、内部函数、对象的apply和unapply、None和Some以及Option。foldLeft ，增强的for 循环，协变、逆变，上界 和 下界</description>
    </item>
    
    <item>
      <title>scala的一些特性</title>
      <link>https://hehe-1234.xyz/post/2022/02/scala%E7%9A%84%E4%B8%80%E4%BA%9B%E7%89%B9%E6%80%A7/</link>
      <pubDate>Thu, 24 Feb 2022 18:35:31 +0800</pubDate>
      
      <guid>https://hehe-1234.xyz/post/2022/02/scala%E7%9A%84%E4%B8%80%E4%BA%9B%E7%89%B9%E6%80%A7/</guid>
      <description>scala的一些特性</description>
    </item>
    
  </channel>
</rss>
