<?xml version="1.0" encoding="utf-8" standalone="yes"?>
<rss version="2.0" xmlns:atom="http://www.w3.org/2005/Atom">
  <channel>
    <title>随便写写 on 一个程序员的博客</title>
    <link>https://hehe-1234.xyz/tags/%E9%9A%8F%E4%BE%BF%E5%86%99%E5%86%99/</link>
    <description>Recent content in 随便写写 on 一个程序员的博客</description>
    <generator>Hugo -- gohugo.io</generator>
    <language>zh-CN</language>
    <lastBuildDate>Wed, 22 Sep 2021 13:58:33 +0800</lastBuildDate><atom:link href="https://hehe-1234.xyz/tags/%E9%9A%8F%E4%BE%BF%E5%86%99%E5%86%99/index.xml" rel="self" type="application/rss+xml" />
    <item>
      <title>第一篇文章</title>
      <link>https://hehe-1234.xyz/post/2021/09/%E7%AC%AC%E4%B8%80%E7%AF%87%E6%96%87%E7%AB%A0/</link>
      <pubDate>Wed, 22 Sep 2021 13:58:33 +0800</pubDate>
      
      <guid>https://hehe-1234.xyz/post/2021/09/%E7%AC%AC%E4%B8%80%E7%AF%87%E6%96%87%E7%AB%A0/</guid>
      <description>用hugo+github自建的博客</description>
    </item>
    
  </channel>
</rss>
