<?xml version="1.0" encoding="utf-8" standalone="yes"?>
<rss version="2.0" xmlns:atom="http://www.w3.org/2005/Atom">
  <channel>
    <title>2023年 on 一个程序员的博客</title>
    <link>https://hehe-1234.xyz/years/2023%E5%B9%B4/</link>
    <description>Recent content in 2023年 on 一个程序员的博客</description>
    <generator>Hugo -- gohugo.io</generator>
    <language>zh-CN</language>
    <lastBuildDate>Sun, 19 Nov 2023 09:13:07 +0800</lastBuildDate><atom:link href="https://hehe-1234.xyz/years/2023%E5%B9%B4/index.xml" rel="self" type="application/rss+xml" />
    <item>
      <title>The History of Big data</title>
      <link>https://hehe-1234.xyz/post/2023/11/%E5%A4%A7%E6%95%B0%E6%8D%AE%E5%8E%86%E5%8F%B2/</link>
      <pubDate>Sun, 19 Nov 2023 09:13:07 +0800</pubDate>
      
      <guid>https://hehe-1234.xyz/post/2023/11/%E5%A4%A7%E6%95%B0%E6%8D%AE%E5%8E%86%E5%8F%B2/</guid>
      <description>从谷歌的三篇论文到Hadoop的诞生，再是各种开源产品依次出现，Hive对MapReduce的易用性改进，三大Hadoop 供应商，谷歌新三篇论文诞生了交互式查询（三大供应商推出）以及各种开源存储格式，Spark的出现和各种流处理系统，Netflix也证明了云的强大，流批一体以及各种分布式调度系统，基于云的数仓产品出现，HDFS替换上云、容器化出现、全托管数仓Modern Data Stack、深度学习对Hadoop的影响，三大供应商被收购，三大开放表格存储的出现，几个元数据管理产品，几个新的调度框架，LakeHouse的出现以及相关类似云产品</description>
    </item>
    
    <item>
      <title>TPCx-HS优化总结</title>
      <link>https://hehe-1234.xyz/post/2023/11/tpcx-hs%E4%BC%98%E5%8C%96%E6%80%BB%E7%BB%93/</link>
      <pubDate>Thu, 09 Nov 2023 09:13:07 +0800</pubDate>
      
      <guid>https://hehe-1234.xyz/post/2023/11/tpcx-hs%E4%BC%98%E5%8C%96%E6%80%BB%E7%BB%93/</guid>
      <description>TPCx-HS优化总结</description>
    </item>
    
    <item>
      <title>Presto在各大公司的应用</title>
      <link>https://hehe-1234.xyz/post/2023/07/presto%E5%9C%A8%E5%90%84%E5%A4%A7%E5%85%AC%E5%8F%B8%E7%9A%84%E5%BA%94%E7%94%A8/</link>
      <pubDate>Wed, 12 Jul 2023 09:11:07 +0800</pubDate>
      
      <guid>https://hehe-1234.xyz/post/2023/07/presto%E5%9C%A8%E5%90%84%E5%A4%A7%E5%85%AC%E5%8F%B8%E7%9A%84%E5%BA%94%E7%94%A8/</guid>
      <description>Presto在 B站、字节跳动等 各大公司的应用</description>
    </item>
    
    <item>
      <title>SQL Server Column Store Indexes</title>
      <link>https://hehe-1234.xyz/post/2023/05/sql_server_column_store_indexes/</link>
      <pubDate>Wed, 24 May 2023 18:11:07 +0800</pubDate>
      
      <guid>https://hehe-1234.xyz/post/2023/05/sql_server_column_store_indexes/</guid>
      <description>SQL Server 11代 Denali，在行存系统上增加了列存和索引结构，这些改动并不是重新来一套，而是基于现有技术的改进，如对行做了分片segment，每个 row segment 再根据 column 进一步细分为 column segment；column segment本身是现有的 blob存储，同时还利用了压缩技术，基于 column segment 又开发出了 segment directory，这个 directory包含了一些元信息如行数量、size、多少数据被编码了、min和max等，这些改动之后，还可以跟现有的lock、log、recovery、patition、mirror、replication完全兼容整合；之后查询引擎部分也会做一些改动来兼容行、列数据，这里使用了多核、bitmap filter、算子间的内存共享、SIMD等进一步优化，根据代价模型评估，选择合适的索引，测试TPC-DS时，前面大部分数据都是批的方式处理的，而且做了并行化，只有最后的聚合、重分区是用 行模式处理的，最后效率大幅度提升</description>
    </item>
    
    <item>
      <title>Advanced Database Systems: History of Databases</title>
      <link>https://hehe-1234.xyz/post/2023/05/advanced_database_systems-history_of_databases/</link>
      <pubDate>Sun, 21 May 2023 09:23:04 +0800</pubDate>
      
      <guid>https://hehe-1234.xyz/post/2023/05/advanced_database_systems-history_of_databases/</guid>
      <description>数据库的发展历史，从复杂模型：网络模型、层次模型，再到简单的关系模型最后胜出，关系模型不止是简单，而且提出了物理、逻辑解耦、高层级别API；所以从1970年代开始，数据库的基本模型，发展方向是定了；后面出现了各种对关系模型的补充，但是大多数只是重复发明，除了code in database，schema last是比较新颖的发明；在这几十年内，商业数据库一直是主导，IBM、Oracle、微软一直是领导者；直到2000年互联网的出现打破了这个局面，数据库面临大量的访问，需要购买大量商业数据库成本太贵，此时开源产品就是更好的选择；同时也出现了各种对关系模型，他们的扩展性、性能都非常好，但他们不支持SQL、不支持事务，十年之后再看这些数据库多多少少都有一些局限性，于是分布式的NewSQL出现，加上云厂商的对象存储，云上数据库也成为主流；现在数据库有很多细分市场，每个主题内都有好几个玩家，这些数据库在巩固自己领地的同时，又在不断扩展自己的能力；他们开始支持SQL，增加事务，从历史角度看，声明式语言、解耦、简单模型一直是有生命力的</description>
    </item>
    
    <item>
      <title>资源隔离修改配置动态加载</title>
      <link>https://hehe-1234.xyz/post/2023/06/%E8%B5%84%E6%BA%90%E9%9A%94%E7%A6%BB%E4%BF%AE%E6%94%B9%E9%85%8D%E7%BD%AE%E5%8A%A8%E6%80%81%E5%8A%A0%E8%BD%BD/</link>
      <pubDate>Sun, 14 May 2023 11:23:04 +0800</pubDate>
      
      <guid>https://hehe-1234.xyz/post/2023/06/%E8%B5%84%E6%BA%90%E9%9A%94%E7%A6%BB%E4%BF%AE%E6%94%B9%E9%85%8D%E7%BD%AE%E5%8A%A8%E6%80%81%E5%8A%A0%E8%BD%BD/</guid>
      <description>在资源隔离大功能的基础上，实现动态加载配置修改功能，当用户 alter 了资源配置表，会动态生效</description>
    </item>
    
    <item>
      <title>资源隔离设计</title>
      <link>https://hehe-1234.xyz/post/2023/06/%E8%B5%84%E6%BA%90%E9%9A%94%E7%A6%BB%E8%AE%BE%E8%AE%A1/</link>
      <pubDate>Sat, 13 May 2023 11:23:04 +0800</pubDate>
      
      <guid>https://hehe-1234.xyz/post/2023/06/%E8%B5%84%E6%BA%90%E9%9A%94%E7%A6%BB%E8%AE%BE%E8%AE%A1/</guid>
      <description>基于高可用的两层调度方式，配合 k8s 实现一套资源隔离机制，并实现自定义的语法</description>
    </item>
    
    <item>
      <title>镜像合并&amp;配置文件同步</title>
      <link>https://hehe-1234.xyz/post/2023/06/%E9%95%9C%E5%83%8F%E5%90%88%E5%B9%B6%E9%85%8D%E7%BD%AE%E6%96%87%E4%BB%B6%E5%90%8C%E6%AD%A5/</link>
      <pubDate>Fri, 12 May 2023 11:23:04 +0800</pubDate>
      
      <guid>https://hehe-1234.xyz/post/2023/06/%E9%95%9C%E5%83%8F%E5%90%88%E5%B9%B6%E9%85%8D%E7%BD%AE%E6%96%87%E4%BB%B6%E5%90%8C%E6%AD%A5/</guid>
      <description>将业务镜像和底层基础镜像合并，去掉spark的k8s模板配置文件，通过init容器 + env + volumn方式实现</description>
    </item>
    
    <item>
      <title>Column-Stores vs. Row-Stores: How Different Are They Really?</title>
      <link>https://hehe-1234.xyz/post/2023/05/column-stores_vs_row-stores_how_different_are_they_really/</link>
      <pubDate>Sun, 07 May 2023 13:23:04 +0800</pubDate>
      
      <guid>https://hehe-1234.xyz/post/2023/05/column-stores_vs_row-stores_how_different_are_they_really/</guid>
      <description>论文中通过行存系统来模拟列存，并将几个可能提升的关键点：延迟物化、块迭代、压缩、invisible-join，挨个拆分，并分析每种可能提升的原因和提升比例‘在行存的系统中使用垂直分区依然达不到列存性能，因为垂直分区后需要冗余存储主键，重建这些tuple 需要hash-join，数量大内存CPU开销也大；全索引如果返回的数据多hash-join压力大可能会更慢，反之可能更快；物化视图最好只需要读取部分数据，bitmap选择率高时效率会变差。对于列存：块迭代可以提升5% - 50%性能(取决于压缩)、invisible-join可以提升50% - 70%、压缩为2倍，如果数据有序可以量级提升、延迟物化提升3倍，如果将这些全部去掉，列存跟行存就差不多了；在列存中使用反规范化大宽表效果不好，增加维度表列冗余数据变多、只有大宽表的维度属性是排序高度压缩的才有效</description>
    </item>
    
    <item>
      <title>Lakehouse A New Generation of Open Platforms that Unify Data Warehousing and Advanced Analytics</title>
      <link>https://hehe-1234.xyz/post/2023/05/lakehouse-a-new-generation-of-open-platforms-that-unify/</link>
      <pubDate>Sat, 06 May 2023 12:17:11 +0800</pubDate>
      
      <guid>https://hehe-1234.xyz/post/2023/05/lakehouse-a-new-generation-of-open-platforms-that-unify/</guid>
      <description>第一代的数仓有很好的数据治理，缺点是计算存储耦合，且无法存储半结构数据；第二代的数据湖将计算存储分离，且能存储各种格式，云厂商推出的对象存储本质是差不多，不过扩展和可靠性更高更便宜，但二代需要两套系统，数据要在数仓和对象存储之间做ETL，有很多问题；而LakeHouse则试图解决这些问题，通过在对象存储之上增加元数据管理，实现事务功能，数据质量、ACID都实现了，因为是基于开放的格式，不会锁定厂商，也能支持各种场景。因为开放的格式和对象存储的延迟问题，性能和每秒事务不会很好，通过缓存系统、辅助数据结构、数据布局优化来优化性能，另外DataFream 支持SQL和 API，可以延迟处理这样可以进一步优化。目前的限制：S3的延迟、单表事务、servless；通过TPC-DS对比其他云厂商的数仓，性能和价格都很不错，还能支持传统场景，机器学习、科学分析等各种复杂场景。</description>
    </item>
    
    <item>
      <title>Building An Elastic Query Engine on Disaggregated Storage</title>
      <link>https://hehe-1234.xyz/post/2023/05/building-an-elastic-query-engine-on-disaggregated-storage/</link>
      <pubDate>Thu, 04 May 2023 09:23:04 +0800</pubDate>
      
      <guid>https://hehe-1234.xyz/post/2023/05/building-an-elastic-query-engine-on-disaggregated-storage/</guid>
      <description>SnowFlake的一篇论文，目前的架构包含四层：中心化的服务处理端到端的查询、计算层、临时存储层、对象存储层，并讨论了设计临时存储这一层的原因，通过访问数据指标能发现，临时存储的需求变化很大，跟计算层，远端持久存储层都不同。为更好的提高利用率需要计算层跟 临时存储层解耦。调度方面包括：工作窃取、延迟的一致性hash。由于云厂商的计费方式支持到秒级别，原先的预热VM 方式不好使了需要采用共享资源的方式来支持多租户，带来的挑战是，重新设计临时存储层(这层缓存了持久数据和中间数据，扩容会影响其他租户)，需要提供私有地址。三个开放问题：临时存和计算层解耦、内存-SSD-远端存储三层机制的有效管理、亚秒计费策略的共享资源架构挑战</description>
    </item>
    
    <item>
      <title>What Goes Around Comes Around</title>
      <link>https://hehe-1234.xyz/post/2023/05/what-goes-around-comes-around/</link>
      <pubDate>Wed, 03 May 2023 11:23:04 +0800</pubDate>
      
      <guid>https://hehe-1234.xyz/post/2023/05/what-goes-around-comes-around/</guid>
      <description>Stonebraker的论文，介绍了 9个不同时代的数据模型；层次数据库IMS，以及网络数据库CODASYL，这两者都是逻辑数据、物理数据耦合，之后出现了关系模型，有了数据独立；再往后就是各种对关系模型的补充，如实体-关系模型、关系模型++、语义数据模型、OO模型、对象关系模型、半结构模型等；从中我们可以总结到：查询优化器很有用、技术的争论通常由市场和其他因素决定，简单模型比复制模型更容易实现数据独立、KISS 保持简单是很重要的、除非用户使用中出现很大问题否则他们不会买单、没有编程语言社区的支持想在语言上做改进突破很难、新技术的推广，需要标准化，或者大力度的推广、schema-last 可能只合适小部分场景</description>
    </item>
    
    <item>
      <title>LevelDB 多版本和压缩</title>
      <link>https://hehe-1234.xyz/post/2023/04/levedb-%E5%A4%9A%E7%89%88%E6%9C%AC%E5%92%8C%E5%8E%8B%E7%BC%A9/</link>
      <pubDate>Fri, 14 Apr 2023 19:20:03 +0800</pubDate>
      
      <guid>https://hehe-1234.xyz/post/2023/04/levedb-%E5%A4%9A%E7%89%88%E6%9C%AC%E5%92%8C%E5%8E%8B%E7%BC%A9/</guid>
      <description>LevelDB 多版本和压缩</description>
    </item>
    
    <item>
      <title>LevelDB 辅助工具类</title>
      <link>https://hehe-1234.xyz/post/2023/04/levedb-%E5%B7%A5%E5%85%B7%E7%B1%BB/</link>
      <pubDate>Tue, 11 Apr 2023 09:20:01 +0800</pubDate>
      
      <guid>https://hehe-1234.xyz/post/2023/04/levedb-%E5%B7%A5%E5%85%B7%E7%B1%BB/</guid>
      <description>LevelDB 的辅助工具类，如内存分配、编码、LRU、bloom filter等</description>
    </item>
    
    <item>
      <title>LevelDB SSTable模块</title>
      <link>https://hehe-1234.xyz/post/2023/04/levedb-sstable%E6%A8%A1%E5%9D%97/</link>
      <pubDate>Sun, 09 Apr 2023 09:22:11 +0800</pubDate>
      
      <guid>https://hehe-1234.xyz/post/2023/04/levedb-sstable%E6%A8%A1%E5%9D%97/</guid>
      <description>LevelDB 的SSTable模块，存储在磁盘上的结构，包括文件格式的组织、数据文件块是如何读取的、索引文件块是如何组织的</description>
    </item>
    
    <item>
      <title>LevelDB MemTable模块</title>
      <link>https://hehe-1234.xyz/post/2023/04/levedb-memtable%E6%A8%A1%E5%9D%97/</link>
      <pubDate>Thu, 06 Apr 2023 11:32:19 +0800</pubDate>
      
      <guid>https://hehe-1234.xyz/post/2023/04/levedb-memtable%E6%A8%A1%E5%9D%97/</guid>
      <description>LevelDB 的MemTable模块，底层使用 skip-list实现的，用来实现内存的读、写操作</description>
    </item>
    
    <item>
      <title>LevelDB Log模块</title>
      <link>https://hehe-1234.xyz/post/2023/04/levedb-log%E6%A8%A1%E5%9D%97/</link>
      <pubDate>Mon, 03 Apr 2023 11:32:19 +0800</pubDate>
      
      <guid>https://hehe-1234.xyz/post/2023/04/levedb-log%E6%A8%A1%E5%9D%97/</guid>
      <description>LevelDB 的Log模块，用来实现WAL</description>
    </item>
    
    <item>
      <title>LevelDB 公开的接口</title>
      <link>https://hehe-1234.xyz/post/2023/03/levedb-%E5%85%AC%E5%BC%80%E6%8E%A5%E5%8F%A3/</link>
      <pubDate>Thu, 30 Mar 2023 11:32:19 +0800</pubDate>
      
      <guid>https://hehe-1234.xyz/post/2023/03/levedb-%E5%85%AC%E5%BC%80%E6%8E%A5%E5%8F%A3/</guid>
      <description>LevelDB 的 src/include目录下的公开接口、跨平台的移植(对文件读写、线程、锁做了简单封装方便了跨平台迁移)，读写流程的大致流程等</description>
    </item>
    
    <item>
      <title>LevelDB 基本概念</title>
      <link>https://hehe-1234.xyz/post/2023/03/levedb-%E5%9F%BA%E6%9C%AC%E6%A6%82%E5%BF%B5/</link>
      <pubDate>Mon, 27 Mar 2023 11:32:19 +0800</pubDate>
      
      <guid>https://hehe-1234.xyz/post/2023/03/levedb-%E5%9F%BA%E6%9C%AC%E6%A6%82%E5%BF%B5/</guid>
      <description>LevelDB的架构，各个组件的基本原理，一些基本操作(open、增删改)，高级特性(options、自定义比较器)</description>
    </item>
    
    <item>
      <title>OceanBase开发者大会分享</title>
      <link>https://hehe-1234.xyz/post/2023/03/oceanbase%E5%BC%80%E5%8F%91%E8%80%85%E5%A4%A7%E4%BC%9A/</link>
      <pubDate>Sun, 26 Mar 2023 11:32:19 +0800</pubDate>
      
      <guid>https://hehe-1234.xyz/post/2023/03/oceanbase%E5%BC%80%E5%8F%91%E8%80%85%E5%A4%A7%E4%BC%9A/</guid>
      <description>看了几位大佬的分享，总结一下</description>
    </item>
    
    <item>
      <title>Efficiently Compiling Efficient Query Plans for Modern Hardware</title>
      <link>https://hehe-1234.xyz/post/2023/02/efficiently-compiling-efficient-query-plans-for-modern-hardware/</link>
      <pubDate>Sun, 05 Feb 2023 17:35:19 +0800</pubDate>
      
      <guid>https://hehe-1234.xyz/post/2023/02/efficiently-compiling-efficient-query-plans-for-modern-hardware/</guid>
      <description>这是HyPer的一篇论文(HyPer是由德国莫尼黑大学主导的OLAP、OLTP混合型主内存数据库)，介绍了code-gen的具体实现，最初HyPer的code-gen是生成了C++代码，然后使用gcc编译；但编译时间很长，再加上优化时间就更长了，甚至比查询执行时间还长；于是HyPer做了优化，改用LLVM，将code-gen的核心代码转为了LLVM的IR，这个IR是调用LLVM的API生成的，不是手写的所以相对容易一些，对于一些简单的操作是生成了LLVM，于是复杂的操作，如scan、join、sort需要将LLVM和C++混合执行，LLVM可以直接调用C++，所以不存在性能损失；通过最后执行来看，LLVM的code-gen从编译、优化时间，SQL执行时间，都比其他系统有很大提升</description>
    </item>
    
    <item>
      <title>Generating code for holistic query evaluation</title>
      <link>https://hehe-1234.xyz/post/2023/02/generating-code-for-holistic-query-evaluation/</link>
      <pubDate>Sat, 04 Feb 2023 07:35:19 +0800</pubDate>
      
      <guid>https://hehe-1234.xyz/post/2023/02/generating-code-for-holistic-query-evaluation/</guid>
      <description>英国爱丁堡大学的一篇论文，从传统系统到现代系统的变化一个重要点是：内存增大很多，以前的I/O瓶颈对于现在来说不那么重要了，反而是CPU和内存瓶颈；而之前的火山模型对于CPU利用率来说很不好，大量的虚函数调用，多层级的函数调用增加了cache miss，也会产生更多的指令，不利于并行化和cache局部性；这篇论文提出了一个代码模板，通过识别不同的查询计划算子，来对应的生成不同的代码(对应一个大函数)，不同函数之间通过物化来连接，之后通过编译器GCC来编译这段C代码，还可以对代码最O2级别优化(但会增加运行期执行时间)来达到更好的效果，论文对比了join、sort、聚合，虽然使用的是NSM存储模型，但是执行效果来看跟MonetDB的DSM差不多了；代码生成的缺点是对于小查询会有额外的开销(编译、优化、link时间)</description>
    </item>
    
    <item>
      <title>Implementing Database Operations Using SIMD Instructions</title>
      <link>https://hehe-1234.xyz/post/2023/02/implementing-database-operations-using-simd-instructions/</link>
      <pubDate>Wed, 01 Feb 2023 07:35:19 +0800</pubDate>
      
      <guid>https://hehe-1234.xyz/post/2023/02/implementing-database-operations-using-simd-instructions/</guid>
      <description>介绍了SIMD指令一些基本概念，并行流水线，以及分支预测失败带来的影响；论文中提到了使用SIMD指令的方式，以及不同平台产生的差异；之后用伪代码的方式描述几个数据库常用操作；scan操作详细对比了标量版和SIMD版的区别，以及如何消除分支的方式，还有返回选中的一个元素、多个元素的标量、SIMD方式；聚合的实现方式SIMD有提供相关的操作 SIMD_min、SIMD_max即可，对于索引部分主要是介绍树结构索引，详细讨论了中间节点、叶子节点的实现方式；在有序元素上使用二分效率是非常高的，但也会有分支预测失败问题，论文中给出了混合二分+顺序扫描方式；最后是join处理方式，这里只列出了nested-loop join的SIMD实现，Duplicate-outer、Duplicate-inner、Rotate-inner</description>
    </item>
    
    <item>
      <title>Advanced Database Systems: Query Execution &amp; Processing</title>
      <link>https://hehe-1234.xyz/post/2023/01/advanced-database-systems-query-execution-and-processing/</link>
      <pubDate>Sun, 22 Jan 2023 19:35:19 +0800</pubDate>
      
      <guid>https://hehe-1234.xyz/post/2023/01/advanced-database-systems-query-execution-and-processing/</guid>
      <description>这一部分是属于 执行引擎组件，由于现代系统从I/O变为CPU瓶颈，CPU的指令依赖、分支预测就阻塞了并行优化；MonetDB/X100就指出了火山模型、物化模型的问题，后使用了向量化/批模型来优化，为后续系统提供了方向。查询处理又包括：自顶向下vs字底向上；并行化包括：水平(exchange算子)、垂直、以及混合；worker的分配还包括单核单线程、单核pool；列存重建使用早期物化+SIP达到了早期物化的简单，同时兼具性能；主内存系统中二级索引和scan都有用，但需要综合考虑：选择性；硬件参数、数据布局、并发，优化器也需要配合重构整合；Oracle首创的混合行+列存储，又进一步提供了表达式替换(本质上是语法树子节点替换)</description>
    </item>
    
    <item>
      <title>SIMD-Scan: Ultra Fast in-Memory Table Scan using onChip Vector Processing Units</title>
      <link>https://hehe-1234.xyz/post/2023/01/ultra-fast-in-memory-table-scan-using-onchip-vector-processing-units/</link>
      <pubDate>Thu, 19 Jan 2023 10:35:19 +0800</pubDate>
      
      <guid>https://hehe-1234.xyz/post/2023/01/ultra-fast-in-memory-table-scan-using-onchip-vector-processing-units/</guid>
      <description>现代数据库由I/O瓶颈转向了CPU瓶颈，利用多核能力加速全表扫描，但是向量化的能力没能充分发挥。使用向量化包括：内嵌汇编、硬件厂商提供的跨平台库函数、编译器指示符、编译器自动优化，每种都是可用性和可控性之间的权衡。论文中引入了两项优化：使用SIMD方式在寄存器中解压 轻量压缩数据(使用concatenate、shift、shuffle、mark等指令完成)；使用SIMD完成等值和范围查找(使用掩码指令，将4个元素加载到寄存器中，再通过min、max比较范围，最后生成索引数组向量位)，通过测试结果都有大幅度提升，并且优化实现可以适用各种数据库</description>
    </item>
    
    <item>
      <title>Accelerating Analytics with Dynamic In-Memory Expressions</title>
      <link>https://hehe-1234.xyz/post/2023/01/accelerating-analytics-with-dynamic-in-memory-expressions/</link>
      <pubDate>Fri, 13 Jan 2023 14:05:19 +0800</pubDate>
      
      <guid>https://hehe-1234.xyz/post/2023/01/accelerating-analytics-with-dynamic-in-memory-expressions/</guid>
      <description>Oracle12推出了混合行/列的存储格式，磁盘(buffer pool)中按列存储，内存中按列存储加速OLAP场景；而表达式求值在很多场景下是黑盒，不易监控、也占用资源，Oracle捕获了频繁使用的表达式，将表达式物化到内存中，然后在查询计划中，根据代价来改变查询计划，将原始的查询计划的子树，替换为内存中的物化表达式，在OLAP场景中大幅度提升性能，在混合OLTP场景中也非常有效</description>
    </item>
    
    <item>
      <title>Materialization Strategies in the Vertica Analytic Database: Lessons Learned</title>
      <link>https://hehe-1234.xyz/post/2023/01/materialization-strategies-in-the-vertica-analytic-database-lessons-learned/</link>
      <pubDate>Sat, 07 Jan 2023 20:05:19 +0800</pubDate>
      
      <guid>https://hehe-1234.xyz/post/2023/01/materialization-strategies-in-the-vertica-analytic-database-lessons-learned/</guid>
      <description>列存数据库会通过物化的方式来重建tuple，包括早期物化EM、延迟物化LM，延迟物化的性能更好，但实现更难，当出现join溢出时会出现，此时会退回到早期物化；论文在早期物化基础上增加了：边信息传递SIP技术，并给出了实现细节，如何创建SIP，如何做push down；使用EM+SIP技术，比原始的EM性能大幅度提升，并且在很多场景下比延迟物化LM性能更好</description>
    </item>
    
    <item>
      <title>MonetDB/X100: Hyper-Pipelining Query Execution</title>
      <link>https://hehe-1234.xyz/post/2023/01/monetdbx100-hyper-pipelining-query-execution/</link>
      <pubDate>Thu, 05 Jan 2023 10:35:19 +0800</pubDate>
      
      <guid>https://hehe-1234.xyz/post/2023/01/monetdbx100-hyper-pipelining-query-execution/</guid>
      <description>2005年的一篇论文，通过分析MySQL、MonetDB发现这两种没有达到硬件上的预期效果，MySQL是因为经典的火山模型导致编译器没法利用循环流水线，出现大量CPU等待；而MonetDB避免了上述情况但使用了物化，又导致大量的内存带宽拷贝；这篇论文结合了这两者的特点，选择了向量化的执行方式，并配合了合适的cache size，使得执行效率大幅度提升</description>
    </item>
    
    <item>
      <title>Access Path Selection in Main-Memory Optimized Data Systems Should I Scan or Should I Probe</title>
      <link>https://hehe-1234.xyz/post/2023/01/access-path-selection-in-main-memory-optimized-data-systems-should-i-scan-or-should-i-probe/</link>
      <pubDate>Tue, 03 Jan 2023 10:35:19 +0800</pubDate>
      
      <guid>https://hehe-1234.xyz/post/2023/01/access-path-selection-in-main-memory-optimized-data-systems-should-i-scan-or-should-i-probe/</guid>
      <description>CMU Query Execution &amp;amp; Processing课程的一篇论文，现代分析系统中scan越来越重要，但二级索引依然有用，通过对比硬件参数、数据布局、压缩、并发等综合情况考虑之下，来选择：scan执行 或者index执行；通过性能评估发现，调节scan或者index并不是一个固定的值，而是根据不同的参数以及硬件情况，会动态变化的</description>
    </item>
    
    <item>
      <title>Photon A Fast Query Engine for Lakehouse Systems</title>
      <link>https://hehe-1234.xyz/post/2023/01/photon-a-fast-query-engine-for-lakehouse-systems/</link>
      <pubDate>Mon, 02 Jan 2023 10:35:19 +0800</pubDate>
      
      <guid>https://hehe-1234.xyz/post/2023/01/photon-a-fast-query-engine-for-lakehouse-systems/</guid>
      <description>Databricks 2022年在SIGMOD上发表的论文(最佳工业论文奖)，由于I/O方面有很多优化措施，而JVM的对向量化支持较差，之后用C++实现了向量化的执行引擎Photon，来实现进一步的性能提升；首先是从最底层scan开始替换，因为中间替换的代价较高，之后不断往上，直到某个算子Photon不能适配，则由列存转换为Spark的行存，退回到Spark执行，总体看性能可以提升好几倍</description>
    </item>
    
    <item>
      <title>MySQL的并发</title>
      <link>https://hehe-1234.xyz/post/2023/01/mysql%E7%9A%84%E5%B9%B6%E5%8F%91/</link>
      <pubDate>Sun, 01 Jan 2023 08:15:19 +0800</pubDate>
      
      <guid>https://hehe-1234.xyz/post/2023/01/mysql%E7%9A%84%E5%B9%B6%E5%8F%91/</guid>
      <description>MVCC的基本概念，读已提交、可重复读隔离级别下的ReadView，MVCC的purage；锁的基本类型，X/S/IX/IS锁；record lock、gap lock、next-key lock、insert intention lock、隐式锁；各种隔离级别下的加锁过程，SHOW ENGINE INNODB STATUS 分析加锁过程，死锁的分析</description>
    </item>
    
  </channel>
</rss>
