<?xml version="1.0" encoding="utf-8" standalone="yes"?>
<rss version="2.0" xmlns:atom="http://www.w3.org/2005/Atom">
  <channel>
    <title>B树 on 一个程序员的博客</title>
    <link>https://hehe-1234.xyz/tags/b%E6%A0%91/</link>
    <description>Recent content in B树 on 一个程序员的博客</description>
    <generator>Hugo -- gohugo.io</generator>
    <language>zh-CN</language>
    <lastBuildDate>Sat, 15 Oct 2022 12:12:19 +0800</lastBuildDate><atom:link href="https://hehe-1234.xyz/tags/b%E6%A0%91/index.xml" rel="self" type="application/rss+xml" />
    <item>
      <title>B&#43;树执行过程</title>
      <link>https://hehe-1234.xyz/post/2022/10/b&#43;%E6%A0%91%E6%89%A7%E8%A1%8C%E8%BF%87%E7%A8%8B/</link>
      <pubDate>Sat, 15 Oct 2022 12:12:19 +0800</pubDate>
      
      <guid>https://hehe-1234.xyz/post/2022/10/b&#43;%E6%A0%91%E6%89%A7%E8%A1%8C%E8%BF%87%E7%A8%8B/</guid>
      <description>B+树的原理、插入和删除</description>
    </item>
    
  </channel>
</rss>
