<?xml version="1.0" encoding="utf-8" standalone="yes"?>
<rss version="2.0" xmlns:atom="http://www.w3.org/2005/Atom">
  <channel>
    <title>quick-sql on 一个程序员的博客</title>
    <link>https://hehe-1234.xyz/tags/quick-sql/</link>
    <description>Recent content in quick-sql on 一个程序员的博客</description>
    <generator>Hugo -- gohugo.io</generator>
    <language>zh-CN</language>
    <lastBuildDate>Sun, 26 Dec 2021 13:06:19 +0800</lastBuildDate><atom:link href="https://hehe-1234.xyz/tags/quick-sql/index.xml" rel="self" type="application/rss+xml" />
    <item>
      <title>QuickSQL执行过程</title>
      <link>https://hehe-1234.xyz/post/2021/12/quicksql%E6%89%A7%E8%A1%8C%E8%BF%87%E7%A8%8B/</link>
      <pubDate>Sun, 26 Dec 2021 13:06:19 +0800</pubDate>
      
      <guid>https://hehe-1234.xyz/post/2021/12/quicksql%E6%89%A7%E8%A1%8C%E8%BF%87%E7%A8%8B/</guid>
      <description>quick-sql 原理分析</description>
    </item>
    
  </channel>
</rss>
