<?xml version="1.0" encoding="utf-8" standalone="yes"?>
<rss version="2.0" xmlns:atom="http://www.w3.org/2005/Atom">
  <channel>
    <title>计算框架 on 一个程序员的博客</title>
    <link>https://hehe-1234.xyz/tags/%E8%AE%A1%E7%AE%97%E6%A1%86%E6%9E%B6/</link>
    <description>Recent content in 计算框架 on 一个程序员的博客</description>
    <generator>Hugo -- gohugo.io</generator>
    <language>zh-CN</language>
    <lastBuildDate>Wed, 20 Apr 2022 12:43:19 +0800</lastBuildDate><atom:link href="https://hehe-1234.xyz/tags/%E8%AE%A1%E7%AE%97%E6%A1%86%E6%9E%B6/index.xml" rel="self" type="application/rss+xml" />
    <item>
      <title>MapReduce论文</title>
      <link>https://hehe-1234.xyz/post/2022/04/mapreduce%E8%AE%BA%E6%96%87/</link>
      <pubDate>Wed, 20 Apr 2022 12:43:19 +0800</pubDate>
      
      <guid>https://hehe-1234.xyz/post/2022/04/mapreduce%E8%AE%BA%E6%96%87/</guid>
      <description>MapReduce论文</description>
    </item>
    
    <item>
      <title>Spark论文</title>
      <link>https://hehe-1234.xyz/post/2021/11/spark%E8%AE%BA%E6%96%87/</link>
      <pubDate>Sat, 06 Nov 2021 08:49:11 +0800</pubDate>
      
      <guid>https://hehe-1234.xyz/post/2021/11/spark%E8%AE%BA%E6%96%87/</guid>
      <description>读Spark论文</description>
    </item>
    
  </channel>
</rss>
