<?xml version="1.0" encoding="utf-8" standalone="yes"?>
<rss version="2.0" xmlns:atom="http://www.w3.org/2005/Atom">
  <channel>
    <title>OpenLogReplicator on 一个程序员的博客</title>
    <link>https://hehe-1234.xyz/tags/openlogreplicator/</link>
    <description>Recent content in OpenLogReplicator on 一个程序员的博客</description>
    <generator>Hugo -- gohugo.io</generator>
    <language>zh-CN</language>
    <lastBuildDate>Sun, 25 Aug 2024 09:08:07 +0800</lastBuildDate><atom:link href="https://hehe-1234.xyz/tags/openlogreplicator/index.xml" rel="self" type="application/rss+xml" />
    <item>
      <title>OpenLogReplicator的一些改动</title>
      <link>https://hehe-1234.xyz/post/2024/08/open_log_rac/</link>
      <pubDate>Sun, 25 Aug 2024 09:08:07 +0800</pubDate>
      
      <guid>https://hehe-1234.xyz/post/2024/08/open_log_rac/</guid>
      <description>对 OpenLogReplicator 的一些改动，支持ASM 文件读取，支持 RAC 多个活跃节点，高可用等</description>
    </item>
    
    <item>
      <title>Oracle的CDC工具OpenLogReplicator原理</title>
      <link>https://hehe-1234.xyz/post/2024/07/open_log_replicator/</link>
      <pubDate>Mon, 15 Jul 2024 09:08:07 +0800</pubDate>
      
      <guid>https://hehe-1234.xyz/post/2024/07/open_log_replicator/</guid>
      <description>open log replicator 使用</description>
    </item>
    
    <item>
      <title>Oracle的CDC工具OpenLogReplicator编译</title>
      <link>https://hehe-1234.xyz/post/2024/06/open_log/</link>
      <pubDate>Sat, 15 Jun 2024 09:08:07 +0800</pubDate>
      
      <guid>https://hehe-1234.xyz/post/2024/06/open_log/</guid>
      <description>open log replicator 编译</description>
    </item>
    
  </channel>
</rss>
