<?xml version="1.0" encoding="utf-8" standalone="yes"?>
<rss version="2.0" xmlns:atom="http://www.w3.org/2005/Atom">
  <channel>
    <title>kudu on 一个程序员的博客</title>
    <link>https://hehe-1234.xyz/tags/kudu/</link>
    <description>Recent content in kudu on 一个程序员的博客</description>
    <generator>Hugo -- gohugo.io</generator>
    <language>zh-CN</language>
    <lastBuildDate>Sun, 13 Feb 2022 14:28:17 +0800</lastBuildDate><atom:link href="https://hehe-1234.xyz/tags/kudu/index.xml" rel="self" type="application/rss+xml" />
    <item>
      <title>Kudu的模型设计</title>
      <link>https://hehe-1234.xyz/post/2022/02/kudu%E7%9A%84%E6%A8%A1%E5%9E%8B%E8%AE%BE%E8%AE%A1/</link>
      <pubDate>Sun, 13 Feb 2022 14:28:17 +0800</pubDate>
      
      <guid>https://hehe-1234.xyz/post/2022/02/kudu%E7%9A%84%E6%A8%A1%E5%9E%8B%E8%AE%BE%E8%AE%A1/</guid>
      <description>关于kudu的数据模型</description>
    </item>
    
  </channel>
</rss>
