<?xml version="1.0" encoding="utf-8" standalone="yes"?>
<rss version="2.0" xmlns:atom="http://www.w3.org/2005/Atom">
  <channel>
    <title>存储 on 一个程序员的博客</title>
    <link>https://hehe-1234.xyz/tags/%E5%AD%98%E5%82%A8/</link>
    <description>Recent content in 存储 on 一个程序员的博客</description>
    <generator>Hugo -- gohugo.io</generator>
    <language>zh-CN</language>
    <lastBuildDate>Wed, 13 Apr 2022 08:54:19 +0800</lastBuildDate><atom:link href="https://hehe-1234.xyz/tags/%E5%AD%98%E5%82%A8/index.xml" rel="self" type="application/rss+xml" />
    <item>
      <title>GFS论文</title>
      <link>https://hehe-1234.xyz/post/2022/04/gfs%E8%AE%BA%E6%96%87/</link>
      <pubDate>Wed, 13 Apr 2022 08:54:19 +0800</pubDate>
      
      <guid>https://hehe-1234.xyz/post/2022/04/gfs%E8%AE%BA%E6%96%87/</guid>
      <description>读GFS论文</description>
    </item>
    
  </channel>
</rss>
