<?xml version="1.0" encoding="utf-8" standalone="yes"?>
<rss version="2.0" xmlns:atom="http://www.w3.org/2005/Atom">
  <channel>
    <title>汇编 on 一个程序员的博客</title>
    <link>https://hehe-1234.xyz/tags/%E6%B1%87%E7%BC%96/</link>
    <description>Recent content in 汇编 on 一个程序员的博客</description>
    <generator>Hugo -- gohugo.io</generator>
    <language>zh-CN</language>
    <lastBuildDate>Sun, 10 Oct 2021 14:09:03 +0800</lastBuildDate><atom:link href="https://hehe-1234.xyz/tags/%E6%B1%87%E7%BC%96/index.xml" rel="self" type="application/rss+xml" />
    <item>
      <title>从汇编角度看程序的执行</title>
      <link>https://hehe-1234.xyz/post/2021/10/%E4%BB%8E%E6%B1%87%E7%BC%96%E8%A7%92%E5%BA%A6%E7%9C%8B%E7%A8%8B%E5%BA%8F%E7%9A%84%E6%89%A7%E8%A1%8C/</link>
      <pubDate>Sun, 10 Oct 2021 14:09:03 +0800</pubDate>
      
      <guid>https://hehe-1234.xyz/post/2021/10/%E4%BB%8E%E6%B1%87%E7%BC%96%E8%A7%92%E5%BA%A6%E7%9C%8B%E7%A8%8B%E5%BA%8F%E7%9A%84%E6%89%A7%E8%A1%8C/</guid>
      <description>分析一段程序的汇编代码，循环、函数调用、浮点执行等</description>
    </item>
    
  </channel>
</rss>
