<?xml version="1.0" encoding="utf-8" standalone="yes"?>
<rss version="2.0" xmlns:atom="http://www.w3.org/2005/Atom">
  <channel>
    <title>2025年 on 一个程序员的博客</title>
    <link>https://hehe-1234.xyz/years/2025%E5%B9%B4/</link>
    <description>Recent content in 2025年 on 一个程序员的博客</description>
    <generator>Hugo -- gohugo.io</generator>
    <language>zh-CN</language>
    <lastBuildDate>Mon, 27 Jan 2025 01:08:07 +0800</lastBuildDate><atom:link href="https://hehe-1234.xyz/years/2025%E5%B9%B4/index.xml" rel="self" type="application/rss+xml" />
    <item>
      <title>云环境中的日志收集和处理方案</title>
      <link>https://hehe-1234.xyz/post/2025/01/logs_collection_based_cloud/</link>
      <pubDate>Mon, 27 Jan 2025 01:08:07 +0800</pubDate>
      
      <guid>https://hehe-1234.xyz/post/2025/01/logs_collection_based_cloud/</guid>
      <description>云环境日志收集，收集方式：直接读日志文件、log4j扩展。日志处理：写kafka、直接写共享存储、直接写s3、使用raft集群处理、使用NewSQL</description>
    </item>
    
    <item>
      <title>BTrace</title>
      <link>https://hehe-1234.xyz/post/2025/01/btrace/</link>
      <pubDate>Sun, 12 Jan 2025 01:08:07 +0800</pubDate>
      
      <guid>https://hehe-1234.xyz/post/2025/01/btrace/</guid>
      <description>btrace的一个例子，arthas 的retransform，jdb 调试。以及其他一些分析工具，如 JDK 内置的、分布式监控工具、火焰图、jfr、visualvm、jprofiler、MAT 等等</description>
    </item>
    
  </channel>
</rss>
