<?xml version="1.0" encoding="utf-8" standalone="yes"?>
<rss version="2.0" xmlns:atom="http://www.w3.org/2005/Atom">
  <channel>
    <title>DeltaLake on 一个程序员的博客</title>
    <link>https://hehe-1234.xyz/tags/deltalake/</link>
    <description>Recent content in DeltaLake on 一个程序员的博客</description>
    <generator>Hugo -- gohugo.io</generator>
    <language>zh-CN</language>
    <lastBuildDate>Fri, 24 Jun 2022 21:45:19 +0800</lastBuildDate><atom:link href="https://hehe-1234.xyz/tags/deltalake/index.xml" rel="self" type="application/rss+xml" />
    <item>
      <title>Delta Lake论文</title>
      <link>https://hehe-1234.xyz/post/2022/06/delta-lake%E8%AE%BA%E6%96%87/</link>
      <pubDate>Fri, 24 Jun 2022 21:45:19 +0800</pubDate>
      
      <guid>https://hehe-1234.xyz/post/2022/06/delta-lake%E8%AE%BA%E6%96%87/</guid>
      <description>Delta Lake: High-Performance ACID Table Storage over Cloud Object Stores 论文</description>
    </item>
    
  </channel>
</rss>
