<?xml version="1.0" encoding="utf-8" standalone="yes"?>
<rss version="2.0" xmlns:atom="http://www.w3.org/2005/Atom">
  <channel>
    <title>多租户 on 一个程序员的博客</title>
    <link>https://hehe-1234.xyz/tags/%E5%A4%9A%E7%A7%9F%E6%88%B7/</link>
    <description>Recent content in 多租户 on 一个程序员的博客</description>
    <generator>Hugo -- gohugo.io</generator>
    <language>zh-CN</language>
    <lastBuildDate>Fri, 18 Nov 2022 18:35:19 +0800</lastBuildDate><atom:link href="https://hehe-1234.xyz/tags/%E5%A4%9A%E7%A7%9F%E6%88%B7/index.xml" rel="self" type="application/rss+xml" />
    <item>
      <title>关于云环境中多租户问题的论文</title>
      <link>https://hehe-1234.xyz/post/2022/11/multi-tenant-cloud-data-services/</link>
      <pubDate>Fri, 18 Nov 2022 18:35:19 +0800</pubDate>
      
      <guid>https://hehe-1234.xyz/post/2022/11/multi-tenant-cloud-data-services/</guid>
      <description>主要挑战：存储计算分离架构，多租户共享资源需要解决的问题，serverless不需要预定资源随用随付费；隔离VS安全，隔离程度高越安全但价格高，整合程度高虚拟化stack高便捷性好便宜；自建机房的SLA基本能确定，但在云共享环境中就不是一个固定值了，一般厂商会提供可用性、吞吐量、延迟这些保证，还有多租户集群管理；开放问题：CPU的扩展和内存之间的结构、缓存的动态迁移、云服务价格优化、自动调优、新硬件的影响、资源评估</description>
    </item>
    
  </channel>
</rss>
