<?xml version="1.0" encoding="utf-8" standalone="yes"?>
<rss version="2.0" xmlns:atom="http://www.w3.org/2005/Atom">
  <channel>
    <title>架构 on 一个程序员的博客</title>
    <link>https://hehe-1234.xyz/categories/%E6%9E%B6%E6%9E%84/</link>
    <description>Recent content in 架构 on 一个程序员的博客</description>
    <generator>Hugo -- gohugo.io</generator>
    <language>zh-CN</language>
    <lastBuildDate>Mon, 27 Jan 2025 01:08:07 +0800</lastBuildDate><atom:link href="https://hehe-1234.xyz/categories/%E6%9E%B6%E6%9E%84/index.xml" rel="self" type="application/rss+xml" />
    <item>
      <title>云环境中的日志收集和处理方案</title>
      <link>https://hehe-1234.xyz/post/2025/01/logs_collection_based_cloud/</link>
      <pubDate>Mon, 27 Jan 2025 01:08:07 +0800</pubDate>
      
      <guid>https://hehe-1234.xyz/post/2025/01/logs_collection_based_cloud/</guid>
      <description>云环境日志收集，收集方式：直接读日志文件、log4j扩展。日志处理：写kafka、直接写共享存储、直接写s3、使用raft集群处理、使用NewSQL</description>
    </item>
    
    <item>
      <title>k8s 网络</title>
      <link>https://hehe-1234.xyz/post/2024/11/k8s_networks/</link>
      <pubDate>Mon, 04 Nov 2024 09:08:07 +0800</pubDate>
      
      <guid>https://hehe-1234.xyz/post/2024/11/k8s_networks/</guid>
      <description>覆盖网络，Flannel 的 UDP模式、xvlan模式、host-gw，Calico 采用了BGP做三层转发，为防止退化为 IPIP，需要设置 BGP 的跳数。 使用 Network Policy 做网络隔离，k8s 的网络本质都是连通的，像是弱多租户。CNI 插件 的网络插件。Service 是由 kube-proxy 组件，加上 iptables 来共同实现的；所谓 Ingress，就是 Service 的“Service”。 调度：根据 etcd 的变化选择合适的 Node 做调度，Priorities为节点打分；Pod 调度失败的情况(抢占、优先级)；K8S 中两个不可替代的组件：kube-apiserver、kubelet；核心是循环控制器检查，容器运行时：CRI，除了docker还有containerd，基于虚拟化的：Kata Containers、gVisor</description>
    </item>
    
    <item>
      <title>关于云环境中多租户问题的论文</title>
      <link>https://hehe-1234.xyz/post/2022/11/multi-tenant-cloud-data-services/</link>
      <pubDate>Fri, 18 Nov 2022 18:35:19 +0800</pubDate>
      
      <guid>https://hehe-1234.xyz/post/2022/11/multi-tenant-cloud-data-services/</guid>
      <description>主要挑战：存储计算分离架构，多租户共享资源需要解决的问题，serverless不需要预定资源随用随付费；隔离VS安全，隔离程度高越安全但价格高，整合程度高虚拟化stack高便捷性好便宜；自建机房的SLA基本能确定，但在云共享环境中就不是一个固定值了，一般厂商会提供可用性、吞吐量、延迟这些保证，还有多租户集群管理；开放问题：CPU的扩展和内存之间的结构、缓存的动态迁移、云服务价格优化、自动调优、新硬件的影响、资源评估</description>
    </item>
    
    <item>
      <title>微服务的设计的IDEALS</title>
      <link>https://hehe-1234.xyz/post/2021/09/%E5%BE%AE%E6%9C%8D%E5%8A%A1%E7%9A%84%E8%AE%BE%E8%AE%A1%E7%9A%84ideals/</link>
      <pubDate>Mon, 27 Sep 2021 18:34:37 +0800</pubDate>
      
      <guid>https://hehe-1234.xyz/post/2021/09/%E5%BE%AE%E6%9C%8D%E5%8A%A1%E7%9A%84%E8%AE%BE%E8%AE%A1%E7%9A%84ideals/</guid>
      <description>微服务的设计的IDEALS</description>
    </item>
    
  </channel>
</rss>
