<?xml version="1.0" encoding="utf-8" standalone="yes"?>
<rss version="2.0" xmlns:atom="http://www.w3.org/2005/Atom">
  <channel>
    <title>编程语言 on 一个程序员的博客</title>
    <link>https://hehe-1234.xyz/categories/%E7%BC%96%E7%A8%8B%E8%AF%AD%E8%A8%80/</link>
    <description>Recent content in 编程语言 on 一个程序员的博客</description>
    <generator>Hugo -- gohugo.io</generator>
    <language>zh-CN</language>
    <lastBuildDate>Sun, 12 Jan 2025 01:08:07 +0800</lastBuildDate><atom:link href="https://hehe-1234.xyz/categories/%E7%BC%96%E7%A8%8B%E8%AF%AD%E8%A8%80/index.xml" rel="self" type="application/rss+xml" />
    <item>
      <title>BTrace</title>
      <link>https://hehe-1234.xyz/post/2025/01/btrace/</link>
      <pubDate>Sun, 12 Jan 2025 01:08:07 +0800</pubDate>
      
      <guid>https://hehe-1234.xyz/post/2025/01/btrace/</guid>
      <description>btrace的一个例子，arthas 的retransform，jdb 调试。以及其他一些分析工具，如 JDK 内置的、分布式监控工具、火焰图、jfr、visualvm、jprofiler、MAT 等等</description>
    </item>
    
    <item>
      <title>scala总结</title>
      <link>https://hehe-1234.xyz/post/2024/10/scala_summary/</link>
      <pubDate>Tue, 15 Oct 2024 09:08:07 +0800</pubDate>
      
      <guid>https://hehe-1234.xyz/post/2024/10/scala_summary/</guid>
      <description>高阶函数、函数柯里化、隐式转换(类型，对象)，lazy延迟计算、最后一行默认返回return。内置的可变 不可变集合、自动类型推导、操作符重载、模式匹配、内部函数、对象的apply和unapply、None和Some以及Option。foldLeft ，增强的for 循环，协变、逆变，上界 和 下界</description>
    </item>
    
    <item>
      <title>Janino简单使用</title>
      <link>https://hehe-1234.xyz/post/2024/05/janino/</link>
      <pubDate>Sun, 05 May 2024 09:08:07 +0800</pubDate>
      
      <guid>https://hehe-1234.xyz/post/2024/05/janino/</guid>
      <description>Janino的一些例子，Expression Evaluator，Script Evaluator，Class Body Evaluator，Simple Compiler，as a Source Code Class Loader，jsh - the Java shell，Compiler Plugin for Tomcat，code analysisi，debug</description>
    </item>
    
    <item>
      <title>Java的APM工具原理</title>
      <link>https://hehe-1234.xyz/post/2022/05/java%E7%9A%84apm%E5%B7%A5%E5%85%B7%E5%8E%9F%E7%90%86/</link>
      <pubDate>Mon, 02 May 2022 10:43:19 +0800</pubDate>
      
      <guid>https://hehe-1234.xyz/post/2022/05/java%E7%9A%84apm%E5%B7%A5%E5%85%B7%E5%8E%9F%E7%90%86/</guid>
      <description>Java的APM工具原理</description>
    </item>
    
    <item>
      <title>scala的一些特性</title>
      <link>https://hehe-1234.xyz/post/2022/02/scala%E7%9A%84%E4%B8%80%E4%BA%9B%E7%89%B9%E6%80%A7/</link>
      <pubDate>Thu, 24 Feb 2022 18:35:31 +0800</pubDate>
      
      <guid>https://hehe-1234.xyz/post/2022/02/scala%E7%9A%84%E4%B8%80%E4%BA%9B%E7%89%B9%E6%80%A7/</guid>
      <description>scala的一些特性</description>
    </item>
    
  </channel>
</rss>
