<?xml version="1.0" encoding="utf-8" standalone="yes"?>
<rss version="2.0" xmlns:atom="http://www.w3.org/2005/Atom">
  <channel>
    <title>janino on 一个程序员的博客</title>
    <link>https://hehe-1234.xyz/tags/janino/</link>
    <description>Recent content in janino on 一个程序员的博客</description>
    <generator>Hugo -- gohugo.io</generator>
    <language>zh-CN</language>
    <lastBuildDate>Sun, 05 May 2024 09:08:07 +0800</lastBuildDate><atom:link href="https://hehe-1234.xyz/tags/janino/index.xml" rel="self" type="application/rss+xml" />
    <item>
      <title>Janino简单使用</title>
      <link>https://hehe-1234.xyz/post/2024/05/janino/</link>
      <pubDate>Sun, 05 May 2024 09:08:07 +0800</pubDate>
      
      <guid>https://hehe-1234.xyz/post/2024/05/janino/</guid>
      <description>Janino的一些例子，Expression Evaluator，Script Evaluator，Class Body Evaluator，Simple Compiler，as a Source Code Class Loader，jsh - the Java shell，Compiler Plugin for Tomcat，code analysisi，debug</description>
    </item>
    
  </channel>
</rss>
