<?xml version="1.0" encoding="utf-8" standalone="yes"?>
<rss version="2.0" xmlns:atom="http://www.w3.org/2005/Atom">
  <channel>
    <title>2022年 on 一个程序员的博客</title>
    <link>https://hehe-1234.xyz/years/2022%E5%B9%B4/</link>
    <description>Recent content in 2022年 on 一个程序员的博客</description>
    <generator>Hugo -- gohugo.io</generator>
    <language>zh-CN</language>
    <lastBuildDate>Thu, 22 Dec 2022 08:15:19 +0800</lastBuildDate><atom:link href="https://hehe-1234.xyz/years/2022%E5%B9%B4/index.xml" rel="self" type="application/rss+xml" />
    <item>
      <title>MySQL的恢复</title>
      <link>https://hehe-1234.xyz/post/2022/12/mysql%E7%9A%84%E6%81%A2%E5%A4%8D/</link>
      <pubDate>Thu, 22 Dec 2022 08:15:19 +0800</pubDate>
      
      <guid>https://hehe-1234.xyz/post/2022/12/mysql%E7%9A%84%E6%81%A2%E5%A4%8D/</guid>
      <description>redo log的格式(逻辑+物理混合格式)、Mini-Transaction、redo log写入过程，写入page cache，log_sys结构、redo log的文件格式，如何刷新到磁盘上的，checkpoint过程，恢复过程；   undo log的格式(逻辑格式)、undo log的组织、回滚段、系统表空间的5号page，多个回滚段、rollback的过程；以及源码中的redo log定义、undo log定义</description>
    </item>
    
    <item>
      <title>MySQL的缓存</title>
      <link>https://hehe-1234.xyz/post/2022/12/mysql%E7%9A%84%E7%BC%93%E5%AD%98/</link>
      <pubDate>Mon, 19 Dec 2022 08:15:19 +0800</pubDate>
      
      <guid>https://hehe-1234.xyz/post/2022/12/mysql%E7%9A%84%E7%BC%93%E5%AD%98/</guid>
      <description>Buffer Pool、Doublewrite Buffer、Redo相关的Log Buffer，自适应Hash索引、change buffer、以及InnoDB相关的参数汇总</description>
    </item>
    
    <item>
      <title>MySQL查询分析</title>
      <link>https://hehe-1234.xyz/post/2022/12/mysql%E6%9F%A5%E8%AF%A2%E5%88%86%E6%9E%90/</link>
      <pubDate>Thu, 15 Dec 2022 08:15:19 +0800</pubDate>
      
      <guid>https://hehe-1234.xyz/post/2022/12/mysql%E6%9F%A5%E8%AF%A2%E5%88%86%E6%9E%90/</guid>
      <description>一些经典的RBO优化，包括子查询优化；一些CBO优化，统计信息收集，CBO的统计计算方式，常数成本调节；JOIN优化，并详细介绍了EXPLAIN的各个字段含义，其中select_type、type、Extra这几个字段比较重要，另外还有JSON个事的执行计划，optimizer trace</description>
    </item>
    
    <item>
      <title>用工具分析MySQL存储文件</title>
      <link>https://hehe-1234.xyz/post/2022/12/%E7%94%A8%E5%B7%A5%E5%85%B7%E5%88%86%E6%9E%90mysql%E5%AD%98%E5%82%A8%E6%96%87%E4%BB%B6/</link>
      <pubDate>Tue, 13 Dec 2022 08:35:19 +0800</pubDate>
      
      <guid>https://hehe-1234.xyz/post/2022/12/%E7%94%A8%E5%B7%A5%E5%85%B7%E5%88%86%E6%9E%90mysql%E5%AD%98%E5%82%A8%E6%96%87%E4%BB%B6/</guid>
      <description>innodb_ruby是专门分析InnoDB的工具，通过这个工具能获取到系统表空间、普通表空间的统计信息，段信息、区信息，以及4个核心的SYS表；；以及索引信息统计，page信息汇总，page信息dump，还可以用图表的方式展示</description>
    </item>
    
    <item>
      <title>MySQL文件存储结构</title>
      <link>https://hehe-1234.xyz/post/2022/12/mysql%E6%96%87%E4%BB%B6%E5%AD%98%E5%82%A8%E7%BB%93%E6%9E%84/</link>
      <pubDate>Fri, 02 Dec 2022 08:35:19 +0800</pubDate>
      
      <guid>https://hehe-1234.xyz/post/2022/12/mysql%E6%96%87%E4%BB%B6%E5%AD%98%E5%82%A8%E7%BB%93%E6%9E%84/</guid>
      <description>InnoDB架构包含内存、磁盘两种结构；基于磁盘的结构中包括：系统表空间、普通表空间、通用表空间、双写缓冲区、Undo表空间、redo日志；临时表空间；这里最重要的当属系统表空间 和 普通表空间；普通表空间分为段、区、页、行这些概念，256个区一组，第0组包含FSP_HDR、XDES、INODE，存储数据的地方是INDEX；系统表空间则多了Data Dictionary Header部分</description>
    </item>
    
    <item>
      <title>调试MySQL</title>
      <link>https://hehe-1234.xyz/post/2022/11/%E8%B0%83%E8%AF%95mysql/</link>
      <pubDate>Sun, 20 Nov 2022 08:35:19 +0800</pubDate>
      
      <guid>https://hehe-1234.xyz/post/2022/11/%E8%B0%83%E8%AF%95mysql/</guid>
      <description>搭建一个MySQL调试环境</description>
    </item>
    
    <item>
      <title>关于云环境中多租户问题的论文</title>
      <link>https://hehe-1234.xyz/post/2022/11/multi-tenant-cloud-data-services/</link>
      <pubDate>Fri, 18 Nov 2022 18:35:19 +0800</pubDate>
      
      <guid>https://hehe-1234.xyz/post/2022/11/multi-tenant-cloud-data-services/</guid>
      <description>主要挑战：存储计算分离架构，多租户共享资源需要解决的问题，serverless不需要预定资源随用随付费；隔离VS安全，隔离程度高越安全但价格高，整合程度高虚拟化stack高便捷性好便宜；自建机房的SLA基本能确定，但在云共享环境中就不是一个固定值了，一般厂商会提供可用性、吞吐量、延迟这些保证，还有多租户集群管理；开放问题：CPU的扩展和内存之间的结构、缓存的动态迁移、云服务价格优化、自动调优、新硬件的影响、资源评估</description>
    </item>
    
    <item>
      <title>How to Read a Paper</title>
      <link>https://hehe-1234.xyz/post/2022/11/how-to-read-a-paper/</link>
      <pubDate>Thu, 17 Nov 2022 08:35:19 +0800</pubDate>
      
      <guid>https://hehe-1234.xyz/post/2022/11/how-to-read-a-paper/</guid>
      <description>一篇论文要读三遍，第一遍读摘要和所有标题，对论文有大概的了解，这是什么类型的论文、测试的？还是分析型的？根据其他哪些论文有关？论文的主要贡献是什么？第二遍仔细阅读，对于共识和非常细节的地方可以略过；第三遍，要站在作者的角度去理解这篇论文，甚至要反推论文中的实现</description>
    </item>
    
    <item>
      <title>容器网络</title>
      <link>https://hehe-1234.xyz/post/2022/10/%E5%AE%B9%E5%99%A8%E7%BD%91%E7%BB%9C/</link>
      <pubDate>Sun, 16 Oct 2022 12:12:19 +0800</pubDate>
      
      <guid>https://hehe-1234.xyz/post/2022/10/%E5%AE%B9%E5%99%A8%E7%BD%91%E7%BB%9C/</guid>
      <description>容器网络原理</description>
    </item>
    
    <item>
      <title>B&#43;树执行过程</title>
      <link>https://hehe-1234.xyz/post/2022/10/b&#43;%E6%A0%91%E6%89%A7%E8%A1%8C%E8%BF%87%E7%A8%8B/</link>
      <pubDate>Sat, 15 Oct 2022 12:12:19 +0800</pubDate>
      
      <guid>https://hehe-1234.xyz/post/2022/10/b&#43;%E6%A0%91%E6%89%A7%E8%A1%8C%E8%BF%87%E7%A8%8B/</guid>
      <description>B+树的原理、插入和删除</description>
    </item>
    
    <item>
      <title>k8s POD使用总结</title>
      <link>https://hehe-1234.xyz/post/2022/09/k8s%E4%BD%BF%E7%94%A8/</link>
      <pubDate>Sun, 18 Sep 2022 12:12:19 +0800</pubDate>
      
      <guid>https://hehe-1234.xyz/post/2022/09/k8s%E4%BD%BF%E7%94%A8/</guid>
      <description>k8s使用的一些记录</description>
    </item>
    
    <item>
      <title>高可用设计</title>
      <link>https://hehe-1234.xyz/post/2022/09/%E9%AB%98%E5%8F%AF%E7%94%A8%E8%AE%BE%E8%AE%A1/</link>
      <pubDate>Sun, 18 Sep 2022 12:12:19 +0800</pubDate>
      
      <guid>https://hehe-1234.xyz/post/2022/09/%E9%AB%98%E5%8F%AF%E7%94%A8%E8%AE%BE%E8%AE%A1/</guid>
      <description>扩展spark thrift，变成两层调度</description>
    </item>
    
    <item>
      <title>Architecture of a Database System论文翻译</title>
      <link>https://hehe-1234.xyz/post/2022/09/architecture-of-a-database-system/</link>
      <pubDate>Sat, 03 Sep 2022 11:11:11 +0800</pubDate>
      
      <guid>https://hehe-1234.xyz/post/2022/09/architecture-of-a-database-system/</guid>
      <description>Hellerstein、Michael Stonebraker、James Hamilton几位大神写的数据库系统架构</description>
    </item>
    
    <item>
      <title>确定要在DBMS中用mmap吗</title>
      <link>https://hehe-1234.xyz/post/2022/08/%E7%A1%AE%E5%AE%9A%E8%A6%81%E5%9C%A8dbms%E4%B8%AD%E7%94%A8mmap%E5%90%97/</link>
      <pubDate>Thu, 11 Aug 2022 19:08:19 +0800</pubDate>
      
      <guid>https://hehe-1234.xyz/post/2022/08/%E7%A1%AE%E5%AE%9A%E8%A6%81%E5%9C%A8dbms%E4%B8%AD%E7%94%A8mmap%E5%90%97/</guid>
      <description>2022年 CIDR的一篇论文，CMU的网红教授发表的，介绍mmap的概念，以及为什么数据库不要用mmap</description>
    </item>
    
    <item>
      <title>为何Uber要将PostgreSQL迁到MySQL</title>
      <link>https://hehe-1234.xyz/post/2022/08/%E4%B8%BA%E4%BD%95uber%E8%A6%81%E5%B0%86postgresql%E8%BF%81%E5%88%B0mysql/</link>
      <pubDate>Mon, 08 Aug 2022 12:12:19 +0800</pubDate>
      
      <guid>https://hehe-1234.xyz/post/2022/08/%E4%B8%BA%E4%BD%95uber%E8%A6%81%E5%B0%86postgresql%E8%BF%81%E5%88%B0mysql/</guid>
      <description>2016年的一篇文章，讲述了uber为什么要将PostgreSQL迁移到MySQL</description>
    </item>
    
    <item>
      <title>Kyuubi设计调研</title>
      <link>https://hehe-1234.xyz/post/2022/08/kyuubi%E8%AE%BE%E8%AE%A1%E8%B0%83%E7%A0%94/</link>
      <pubDate>Mon, 01 Aug 2022 12:12:19 +0800</pubDate>
      
      <guid>https://hehe-1234.xyz/post/2022/08/kyuubi%E8%AE%BE%E8%AE%A1%E8%B0%83%E7%A0%94/</guid>
      <description>Kyuubi设计调研</description>
    </item>
    
    <item>
      <title>容灾部署调研</title>
      <link>https://hehe-1234.xyz/post/2022/07/%E5%AE%B9%E7%81%BE%E9%83%A8%E7%BD%B2%E8%B0%83%E7%A0%94/</link>
      <pubDate>Sat, 30 Jul 2022 14:32:19 +0800</pubDate>
      
      <guid>https://hehe-1234.xyz/post/2022/07/%E5%AE%B9%E7%81%BE%E9%83%A8%E7%BD%B2%E8%B0%83%E7%A0%94/</guid>
      <description>容灾部署调研</description>
    </item>
    
    <item>
      <title>卡内基梅隆的数据库课程-1</title>
      <link>https://hehe-1234.xyz/post/2022/07/cmu%E6%95%B0%E6%8D%AE%E5%BA%93%E8%AF%BE%E7%A8%8B/</link>
      <pubDate>Fri, 22 Jul 2022 20:32:19 +0800</pubDate>
      
      <guid>https://hehe-1234.xyz/post/2022/07/cmu%E6%95%B0%E6%8D%AE%E5%BA%93%E8%AF%BE%E7%A8%8B/</guid>
      <description>卡内基梅隆的数据库课程，包括：背景、关系代数、数据库存储、buffer pool、hash table、index、index concurrency control、sorting+aggregations、joins algorithms</description>
    </item>
    
    <item>
      <title>卡内基梅隆的数据库课程-2</title>
      <link>https://hehe-1234.xyz/post/2022/07/cmu%E6%95%B0%E6%8D%AE%E5%BA%93%E8%AF%BE%E7%A8%8B-2/</link>
      <pubDate>Mon, 04 Jul 2022 20:32:19 +0800</pubDate>
      
      <guid>https://hehe-1234.xyz/post/2022/07/cmu%E6%95%B0%E6%8D%AE%E5%BA%93%E8%AF%BE%E7%A8%8B-2/</guid>
      <description>卡内基梅隆的数据库课程，包括：查询执行，火山-物化-向量模型，访问方式，顺序-索引-多索引等，顺序访问的优化，表达式评估，并行VS分布式，调度模式，I/O并行化；查询优化架构、RBO、CBO、逻辑计划VS物理计划、关系代数的优化以及一些例子、复杂谓词的类型和选择性、采样、基于概率的选择性、多join查询的优化，动态规划、遗传优化等</description>
    </item>
    
    <item>
      <title>卡内基梅隆的数据库课程-3</title>
      <link>https://hehe-1234.xyz/post/2022/07/cmu%E6%95%B0%E6%8D%AE%E5%BA%93%E8%AF%BE%E7%A8%8B-3/</link>
      <pubDate>Mon, 04 Jul 2022 19:32:19 +0800</pubDate>
      
      <guid>https://hehe-1234.xyz/post/2022/07/cmu%E6%95%B0%E6%8D%AE%E5%BA%93%E8%AF%BE%E7%A8%8B-3/</guid>
      <description>卡内基梅隆的数据库课程，包括：事务的定义和ACID，隔离性(并发场景下的交错执行)，RW、WR、WW冲突，可串行化、Conflict Serializability(交换、优先图)、View Serializability(NP完全问题)；lock VS latch，lock类型，锁管理器，2PL，S2PL，SS2PL；死锁检测(是否有环)，根据各种条件打破循环，死锁预防(基于时间戳分配)，锁粒度(层级锁，支持更高并发)，IS、IX、SIX锁； 时间戳排序并发控制，W-TS(X)、R-TS(X)，可恢复性；OCC，三个方面阶段：读/写、校验、写入，backward validation，forward validation；幻读，重新执行，谓词锁，索引锁，事务隔离级别，基于2PL方式的各种隔离级别；MVCC并发控制，TO、OCC、2PL，版本存储append-only、time-travel、delta-storage；垃圾收集：Tuple-level(Background Vacuuming vs. Cooperative Cleaning)、Transaction-level；索引管理，主索引管理，二级索引管理(Logical Pointers、Physical Pointers)、MVCC index；MVCC delete(Deleted Flag、Tombstone Tuple)</description>
    </item>
    
    <item>
      <title>卡内基梅隆的数据库课程-4</title>
      <link>https://hehe-1234.xyz/post/2022/07/cmu%E6%95%B0%E6%8D%AE%E5%BA%93%E8%AF%BE%E7%A8%8B-4/</link>
      <pubDate>Mon, 04 Jul 2022 19:32:19 +0800</pubDate>
      
      <guid>https://hehe-1234.xyz/post/2022/07/cmu%E6%95%B0%E6%8D%AE%E5%BA%93%E8%AF%BE%E7%A8%8B-4/</guid>
      <description>卡内基梅隆的数据库课程，包括：失败的各种情况，各种存储类型，失败的分类；redo 和 undo；buffer pool 策略；steal、no-force；shadow paging，sqlite的shadow paging；WAL协议格式，物理日志，逻辑日志，checkpoint失败恢复算法ARIES：Write-Ahead Logging，Repeating History During Redo，Logging Changes During Undo；LSN Log Sequence Numbers；正常事务操作恢复，终止事务操作恢复；Fuzzy Checkpointing，活跃事务表，脏页表；Recovery Algorithm的三个阶段：Analysis、Redo、Undo，恢复算法的性能改进</description>
    </item>
    
    <item>
      <title>卡内基梅隆的数据库课程-5</title>
      <link>https://hehe-1234.xyz/post/2022/07/cmu%E6%95%B0%E6%8D%AE%E5%BA%93%E8%AF%BE%E7%A8%8B-5/</link>
      <pubDate>Mon, 04 Jul 2022 19:31:19 +0800</pubDate>
      
      <guid>https://hehe-1234.xyz/post/2022/07/cmu%E6%95%B0%E6%8D%AE%E5%BA%93%E8%AF%BE%E7%A8%8B-5/</guid>
      <description>卡内基梅隆的数据库课程，包括：分布式数据库，并行vs分布式，分布式数据库架构，shared-everything、shared-memory、shared-disk、shared-nothing；同质化节点vs非同质化节点；数据的透明传输，单节点vs分布式节点；协调事务，hash分区，range分区；OLTP，非拜占庭环境，原子提交协议，2PC，3PC、paxos、raft、zab、viewstamped，2PC的优化，multi-paxos，2PC vs paxos；复制配置：主-副本、多主，k-safety，传播时机：continuous、on commit，主动 vs 被动；CAP理论联邦数据库；OLAP，星型模型vs雪花模型，push vs pull，查询计划片段 vs SQL重写，分布式join算法，云系统，组件分解：系统catalog、节点管理、query优化；统一的访问格式</description>
    </item>
    
    <item>
      <title>What&#39;s Really New with NewSQL论文</title>
      <link>https://hehe-1234.xyz/post/2022/07/whats-really-new-with-newsql%E8%AE%BA%E6%96%87/</link>
      <pubDate>Sun, 03 Jul 2022 20:32:19 +0800</pubDate>
      
      <guid>https://hehe-1234.xyz/post/2022/07/whats-really-new-with-newsql%E8%AE%BA%E6%96%87/</guid>
      <description>What’s Really New with NewSQL? 论文 2016年发表在 sigmod上的</description>
    </item>
    
    <item>
      <title>PingCAP提供的数据库学习资料</title>
      <link>https://hehe-1234.xyz/post/2022/07/pingcap%E6%8F%90%E4%BE%9B%E7%9A%84%E6%95%B0%E6%8D%AE%E5%BA%93%E5%AD%A6%E4%B9%A0%E8%B5%84%E6%96%99/</link>
      <pubDate>Sat, 02 Jul 2022 14:32:19 +0800</pubDate>
      
      <guid>https://hehe-1234.xyz/post/2022/07/pingcap%E6%8F%90%E4%BE%9B%E7%9A%84%E6%95%B0%E6%8D%AE%E5%BA%93%E5%AD%A6%E4%B9%A0%E8%B5%84%E6%96%99/</guid>
      <description>PingCAP提供的数据库学习资料</description>
    </item>
    
    <item>
      <title>Snowflake论文</title>
      <link>https://hehe-1234.xyz/post/2023/03/snowflake%E8%AE%BA%E6%96%87/</link>
      <pubDate>Sat, 02 Jul 2022 14:32:19 +0800</pubDate>
      
      <guid>https://hehe-1234.xyz/post/2023/03/snowflake%E8%AE%BA%E6%96%87/</guid>
      <description>The Snowflake Elastic Data Warehouse 论文 2015年发表在 sigmod上的</description>
    </item>
    
    <item>
      <title>Spark SQL论文</title>
      <link>https://hehe-1234.xyz/post/2022/07/spark-sql%E8%AE%BA%E6%96%87/</link>
      <pubDate>Fri, 01 Jul 2022 20:45:19 +0800</pubDate>
      
      <guid>https://hehe-1234.xyz/post/2022/07/spark-sql%E8%AE%BA%E6%96%87/</guid>
      <description>Spark SQL: Relational Data Processing in Spark 论文</description>
    </item>
    
    <item>
      <title>Delta Lake论文</title>
      <link>https://hehe-1234.xyz/post/2022/06/delta-lake%E8%AE%BA%E6%96%87/</link>
      <pubDate>Fri, 24 Jun 2022 21:45:19 +0800</pubDate>
      
      <guid>https://hehe-1234.xyz/post/2022/06/delta-lake%E8%AE%BA%E6%96%87/</guid>
      <description>Delta Lake: High-Performance ACID Table Storage over Cloud Object Stores 论文</description>
    </item>
    
    <item>
      <title>Chubby论文</title>
      <link>https://hehe-1234.xyz/post/2022/06/chubby%E8%AE%BA%E6%96%87/</link>
      <pubDate>Thu, 16 Jun 2022 09:43:19 +0800</pubDate>
      
      <guid>https://hehe-1234.xyz/post/2022/06/chubby%E8%AE%BA%E6%96%87/</guid>
      <description>The Chubby lock service for loosely-coupled distributed systems 论文</description>
    </item>
    
    <item>
      <title>Raft A Consensus Algorithm for Replicated Logs记录</title>
      <link>https://hehe-1234.xyz/post/2022/06/raft-a-consensus-algorithm-for-replicated-logs%E8%AE%B0%E5%BD%95/</link>
      <pubDate>Sun, 05 Jun 2022 09:43:19 +0800</pubDate>
      
      <guid>https://hehe-1234.xyz/post/2022/06/raft-a-consensus-algorithm-for-replicated-logs%E8%AE%B0%E5%BD%95/</guid>
      <description>Raft A Consensus Algorithm for Replicated Logs总结</description>
    </item>
    
    <item>
      <title>自定义HiveServer设计</title>
      <link>https://hehe-1234.xyz/post/2022/06/%E8%87%AA%E5%AE%9A%E4%B9%89hiveserver%E8%AE%BE%E8%AE%A1/</link>
      <pubDate>Sun, 05 Jun 2022 09:43:19 +0800</pubDate>
      
      <guid>https://hehe-1234.xyz/post/2022/06/%E8%87%AA%E5%AE%9A%E4%B9%89hiveserver%E8%AE%BE%E8%AE%A1/</guid>
      <description>实现一套自己定义的Hive RPC服务</description>
    </item>
    
    <item>
      <title>Raft论文</title>
      <link>https://hehe-1234.xyz/post/2022/05/raft%E8%AE%BA%E6%96%87/</link>
      <pubDate>Mon, 16 May 2022 18:43:19 +0800</pubDate>
      
      <guid>https://hehe-1234.xyz/post/2022/05/raft%E8%AE%BA%E6%96%87/</guid>
      <description>In Search of an Understandable Consensus Algorithm</description>
    </item>
    
    <item>
      <title>Basic Paxos总结</title>
      <link>https://hehe-1234.xyz/post/2022/05/basic-paxos/</link>
      <pubDate>Sat, 14 May 2022 09:43:19 +0800</pubDate>
      
      <guid>https://hehe-1234.xyz/post/2022/05/basic-paxos/</guid>
      <description>Implemening Replicated Logs with Paxos 中的Basic Paxos部分</description>
    </item>
    
    <item>
      <title>Java的APM工具原理</title>
      <link>https://hehe-1234.xyz/post/2022/05/java%E7%9A%84apm%E5%B7%A5%E5%85%B7%E5%8E%9F%E7%90%86/</link>
      <pubDate>Mon, 02 May 2022 10:43:19 +0800</pubDate>
      
      <guid>https://hehe-1234.xyz/post/2022/05/java%E7%9A%84apm%E5%B7%A5%E5%85%B7%E5%8E%9F%E7%90%86/</guid>
      <description>Java的APM工具原理</description>
    </item>
    
    <item>
      <title>Paxos Made Simple论文</title>
      <link>https://hehe-1234.xyz/post/2022/05/paxos-made-simple%E8%AE%BA%E6%96%87/</link>
      <pubDate>Sun, 01 May 2022 20:43:19 +0800</pubDate>
      
      <guid>https://hehe-1234.xyz/post/2022/05/paxos-made-simple%E8%AE%BA%E6%96%87/</guid>
      <description>Paxos Made Simple论文</description>
    </item>
    
    <item>
      <title>BigTable论文</title>
      <link>https://hehe-1234.xyz/post/2023/03/bigtable%E8%AE%BA%E6%96%87/</link>
      <pubDate>Wed, 20 Apr 2022 20:43:19 +0800</pubDate>
      
      <guid>https://hehe-1234.xyz/post/2023/03/bigtable%E8%AE%BA%E6%96%87/</guid>
      <description>BigTable论文</description>
    </item>
    
    <item>
      <title>MapReduce论文</title>
      <link>https://hehe-1234.xyz/post/2022/04/mapreduce%E8%AE%BA%E6%96%87/</link>
      <pubDate>Wed, 20 Apr 2022 12:43:19 +0800</pubDate>
      
      <guid>https://hehe-1234.xyz/post/2022/04/mapreduce%E8%AE%BA%E6%96%87/</guid>
      <description>MapReduce论文</description>
    </item>
    
    <item>
      <title>GFS论文</title>
      <link>https://hehe-1234.xyz/post/2022/04/gfs%E8%AE%BA%E6%96%87/</link>
      <pubDate>Wed, 13 Apr 2022 08:54:19 +0800</pubDate>
      
      <guid>https://hehe-1234.xyz/post/2022/04/gfs%E8%AE%BA%E6%96%87/</guid>
      <description>读GFS论文</description>
    </item>
    
    <item>
      <title>MapRedue是一个巨大的退步</title>
      <link>https://hehe-1234.xyz/post/2022/03/mapredue%E6%98%AF%E4%B8%80%E4%B8%AA%E5%B7%A8%E5%A4%A7%E7%9A%84%E9%80%80%E6%AD%A5/</link>
      <pubDate>Sat, 26 Mar 2022 11:38:31 +0800</pubDate>
      
      <guid>https://hehe-1234.xyz/post/2022/03/mapredue%E6%98%AF%E4%B8%80%E4%B8%AA%E5%B7%A8%E5%A4%A7%E7%9A%84%E9%80%80%E6%AD%A5/</guid>
      <description>2008年的一篇文章，著名数据库专家抨击MapReduce相比数据库是巨大退步</description>
    </item>
    
    <item>
      <title>Hive论文</title>
      <link>https://hehe-1234.xyz/post/2022/03/hive%E8%AE%BA%E6%96%87/</link>
      <pubDate>Sun, 20 Mar 2022 08:54:37 +0800</pubDate>
      
      <guid>https://hehe-1234.xyz/post/2022/03/hive%E8%AE%BA%E6%96%87/</guid>
      <description>Hive论文</description>
    </item>
    
    <item>
      <title>Spark逻辑计划的解析</title>
      <link>https://hehe-1234.xyz/post/2022/03/spark%E9%80%BB%E8%BE%91%E8%AE%A1%E5%88%92%E7%9A%84%E8%A7%A3%E6%9E%90/</link>
      <pubDate>Sun, 06 Mar 2022 11:20:43 +0800</pubDate>
      
      <guid>https://hehe-1234.xyz/post/2022/03/spark%E9%80%BB%E8%BE%91%E8%AE%A1%E5%88%92%E7%9A%84%E8%A7%A3%E6%9E%90/</guid>
      <description>介绍spark是如何做逻辑计划解析，并优化的</description>
    </item>
    
    <item>
      <title>Spark的注入规则</title>
      <link>https://hehe-1234.xyz/post/2022/03/spark%E7%9A%84%E6%B3%A8%E5%85%A5%E8%A7%84%E5%88%99/</link>
      <pubDate>Fri, 04 Mar 2022 21:46:12 +0800</pubDate>
      
      <guid>https://hehe-1234.xyz/post/2022/03/spark%E7%9A%84%E6%B3%A8%E5%85%A5%E8%A7%84%E5%88%99/</guid>
      <description>扩展Spark的注入规则，实现updaet</description>
    </item>
    
    <item>
      <title>用javacc实现四则运算</title>
      <link>https://hehe-1234.xyz/post/2022/02/%E7%94%A8javacc%E5%AE%9E%E7%8E%B0%E5%9B%9B%E5%88%99%E8%BF%90%E7%AE%97/</link>
      <pubDate>Sat, 26 Feb 2022 15:15:11 +0800</pubDate>
      
      <guid>https://hehe-1234.xyz/post/2022/02/%E7%94%A8javacc%E5%AE%9E%E7%8E%B0%E5%9B%9B%E5%88%99%E8%BF%90%E7%AE%97/</guid>
      <description>用javacc实现四则运算</description>
    </item>
    
    <item>
      <title>scala的一些特性</title>
      <link>https://hehe-1234.xyz/post/2022/02/scala%E7%9A%84%E4%B8%80%E4%BA%9B%E7%89%B9%E6%80%A7/</link>
      <pubDate>Thu, 24 Feb 2022 18:35:31 +0800</pubDate>
      
      <guid>https://hehe-1234.xyz/post/2022/02/scala%E7%9A%84%E4%B8%80%E4%BA%9B%E7%89%B9%E6%80%A7/</guid>
      <description>scala的一些特性</description>
    </item>
    
    <item>
      <title>Kudu的模型设计</title>
      <link>https://hehe-1234.xyz/post/2022/02/kudu%E7%9A%84%E6%A8%A1%E5%9E%8B%E8%AE%BE%E8%AE%A1/</link>
      <pubDate>Sun, 13 Feb 2022 14:28:17 +0800</pubDate>
      
      <guid>https://hehe-1234.xyz/post/2022/02/kudu%E7%9A%84%E6%A8%A1%E5%9E%8B%E8%AE%BE%E8%AE%A1/</guid>
      <description>关于kudu的数据模型</description>
    </item>
    
    <item>
      <title>几种开源数据库对元数据的管理</title>
      <link>https://hehe-1234.xyz/post/2022/01/%E5%87%A0%E7%A7%8D%E5%BC%80%E6%BA%90%E6%95%B0%E6%8D%AE%E5%BA%93%E5%AF%B9%E5%85%83%E6%95%B0%E6%8D%AE%E7%9A%84%E7%AE%A1%E7%90%86/</link>
      <pubDate>Tue, 25 Jan 2022 18:17:22 +0800</pubDate>
      
      <guid>https://hehe-1234.xyz/post/2022/01/%E5%87%A0%E7%A7%8D%E5%BC%80%E6%BA%90%E6%95%B0%E6%8D%AE%E5%BA%93%E5%AF%B9%E5%85%83%E6%95%B0%E6%8D%AE%E7%9A%84%E7%AE%A1%E7%90%86/</guid>
      <description>几种开源数据库对元数据的管理</description>
    </item>
    
  </channel>
</rss>
