<?xml version="1.0" encoding="utf-8" standalone="yes"?>
<rss version="2.0" xmlns:atom="http://www.w3.org/2005/Atom">
  <channel>
    <title>数据迁移 on 一个程序员的博客</title>
    <link>https://hehe-1234.xyz/tags/%E6%95%B0%E6%8D%AE%E8%BF%81%E7%A7%BB/</link>
    <description>Recent content in 数据迁移 on 一个程序员的博客</description>
    <generator>Hugo -- gohugo.io</generator>
    <language>zh-CN</language>
    <lastBuildDate>Thu, 30 Dec 2021 13:07:19 +0800</lastBuildDate><atom:link href="https://hehe-1234.xyz/tags/%E6%95%B0%E6%8D%AE%E8%BF%81%E7%A7%BB/index.xml" rel="self" type="application/rss+xml" />
    <item>
      <title>数据迁移工具DB-bridge</title>
      <link>https://hehe-1234.xyz/post/2021/12/%E6%95%B0%E6%8D%AE%E8%BF%81%E7%A7%BB%E5%B7%A5%E5%85%B7db-bridge/</link>
      <pubDate>Thu, 30 Dec 2021 13:07:19 +0800</pubDate>
      
      <guid>https://hehe-1234.xyz/post/2021/12/%E6%95%B0%E6%8D%AE%E8%BF%81%E7%A7%BB%E5%B7%A5%E5%85%B7db-bridge/</guid>
      <description>Teradata调研</description>
    </item>
    
  </channel>
</rss>
