<?xml version="1.0" encoding="utf-8" standalone="yes"?>
<rss version="2.0" xmlns:atom="http://www.w3.org/2005/Atom">
  <channel>
    <title>NewSQL on 一个程序员的博客</title>
    <link>https://hehe-1234.xyz/tags/newsql/</link>
    <description>Recent content in NewSQL on 一个程序员的博客</description>
    <generator>Hugo -- gohugo.io</generator>
    <language>zh-CN</language>
    <lastBuildDate>Sun, 03 Jul 2022 20:32:19 +0800</lastBuildDate><atom:link href="https://hehe-1234.xyz/tags/newsql/index.xml" rel="self" type="application/rss+xml" />
    <item>
      <title>What&#39;s Really New with NewSQL论文</title>
      <link>https://hehe-1234.xyz/post/2022/07/whats-really-new-with-newsql%E8%AE%BA%E6%96%87/</link>
      <pubDate>Sun, 03 Jul 2022 20:32:19 +0800</pubDate>
      
      <guid>https://hehe-1234.xyz/post/2022/07/whats-really-new-with-newsql%E8%AE%BA%E6%96%87/</guid>
      <description>What’s Really New with NewSQL? 论文 2016年发表在 sigmod上的</description>
    </item>
    
  </channel>
</rss>
