<?xml version="1.0" encoding="utf-8" standalone="yes"?>
<rss version="2.0" xmlns:atom="http://www.w3.org/2005/Atom">
  <channel>
    <title>Facebook on 一个程序员的博客</title>
    <link>https://hehe-1234.xyz/tags/facebook/</link>
    <description>Recent content in Facebook on 一个程序员的博客</description>
    <generator>Hugo -- gohugo.io</generator>
    <language>zh-CN</language>
    <lastBuildDate>Fri, 02 Feb 2024 09:08:07 +0800</lastBuildDate><atom:link href="https://hehe-1234.xyz/tags/facebook/index.xml" rel="self" type="application/rss+xml" />
    <item>
      <title>Data engineering at Meta</title>
      <link>https://hehe-1234.xyz/post/2024/02/data-engineering-at-meta/</link>
      <pubDate>Fri, 02 Feb 2024 09:08:07 +0800</pubDate>
      
      <guid>https://hehe-1234.xyz/post/2024/02/data-engineering-at-meta/</guid>
      <description>High-Level Overview of the internal tech stack</description>
    </item>
    
  </channel>
</rss>
