<?xml version="1.0" encoding="utf-8" standalone="yes"?>
<rss version="2.0" xmlns:atom="http://www.w3.org/2005/Atom">
  <channel>
    <title>TeraData on 一个程序员的博客</title>
    <link>https://hehe-1234.xyz/tags/teradata/</link>
    <description>Recent content in TeraData on 一个程序员的博客</description>
    <generator>Hugo -- gohugo.io</generator>
    <language>zh-CN</language>
    <lastBuildDate>Tue, 28 Dec 2021 13:07:19 +0800</lastBuildDate><atom:link href="https://hehe-1234.xyz/tags/teradata/index.xml" rel="self" type="application/rss+xml" />
    <item>
      <title>Teradata调研</title>
      <link>https://hehe-1234.xyz/post/2021/12/teradata%E8%B0%83%E7%A0%94/</link>
      <pubDate>Tue, 28 Dec 2021 13:07:19 +0800</pubDate>
      
      <guid>https://hehe-1234.xyz/post/2021/12/teradata%E8%B0%83%E7%A0%94/</guid>
      <description>Teradata调研</description>
    </item>
    
  </channel>
</rss>
