<?xml version="1.0" encoding="utf-8" standalone="yes"?>
<rss version="2.0" xmlns:atom="http://www.w3.org/2005/Atom">
  <channel>
    <title>动态注入 on 一个程序员的博客</title>
    <link>https://hehe-1234.xyz/tags/%E5%8A%A8%E6%80%81%E6%B3%A8%E5%85%A5/</link>
    <description>Recent content in 动态注入 on 一个程序员的博客</description>
    <generator>Hugo -- gohugo.io</generator>
    <language>zh-CN</language>
    <lastBuildDate>Mon, 02 May 2022 10:43:19 +0800</lastBuildDate><atom:link href="https://hehe-1234.xyz/tags/%E5%8A%A8%E6%80%81%E6%B3%A8%E5%85%A5/index.xml" rel="self" type="application/rss+xml" />
    <item>
      <title>Java的APM工具原理</title>
      <link>https://hehe-1234.xyz/post/2022/05/java%E7%9A%84apm%E5%B7%A5%E5%85%B7%E5%8E%9F%E7%90%86/</link>
      <pubDate>Mon, 02 May 2022 10:43:19 +0800</pubDate>
      
      <guid>https://hehe-1234.xyz/post/2022/05/java%E7%9A%84apm%E5%B7%A5%E5%85%B7%E5%8E%9F%E7%90%86/</guid>
      <description>Java的APM工具原理</description>
    </item>
    
  </channel>
</rss>
