<?xml version="1.0" encoding="utf-8" standalone="yes"?>
<rss version="2.0" xmlns:atom="http://www.w3.org/2005/Atom">
  <channel>
    <title>spark on 一个程序员的博客</title>
    <link>https://hehe-1234.xyz/tags/spark/</link>
    <description>Recent content in spark on 一个程序员的博客</description>
    <generator>Hugo -- gohugo.io</generator>
    <language>zh-CN</language>
    <lastBuildDate>Mon, 09 Sep 2024 09:08:07 +0800</lastBuildDate><atom:link href="https://hehe-1234.xyz/tags/spark/index.xml" rel="self" type="application/rss+xml" />
    <item>
      <title>Spark-Streaming 原理</title>
      <link>https://hehe-1234.xyz/post/2024/09/spark_streaming/</link>
      <pubDate>Mon, 09 Sep 2024 09:08:07 +0800</pubDate>
      
      <guid>https://hehe-1234.xyz/post/2024/09/spark_streaming/</guid>
      <description>spark streaming的基本原理，包括MicroBatchExecution，ContinuousExecution，通过IncrementalExecution + 状态实现micro-batch 并复用了spark 的所有查询逻辑；Source接口支持 getOffset，commit，可以自定义各种扩展实现；Sink包括：FileStreamSink、KafkaSink、DeltaSink、、ForeachBatchSink，ForeachWriteTable；Stateful将信息存如StateStoreRDD，保存到 HDFSBackedStateStoreProvider、RocksDBStateStoreProvider 中；Stream-Stream Join使用了StreamingSymmetricHashJoin，需要保证状态；Session Window同样也是通过插入一些流相关的算子 + 状态保存实现的</description>
    </item>
    
    <item>
      <title>Spark原理-解析过程和Catalog</title>
      <link>https://hehe-1234.xyz/post/2024/03/spark_internal/</link>
      <pubDate>Sat, 02 Mar 2024 09:08:07 +0800</pubDate>
      
      <guid>https://hehe-1234.xyz/post/2024/03/spark_internal/</guid>
      <description>Spark解析过程和catalog</description>
    </item>
    
    <item>
      <title>Photon A Fast Query Engine for Lakehouse Systems</title>
      <link>https://hehe-1234.xyz/post/2023/01/photon-a-fast-query-engine-for-lakehouse-systems/</link>
      <pubDate>Mon, 02 Jan 2023 10:35:19 +0800</pubDate>
      
      <guid>https://hehe-1234.xyz/post/2023/01/photon-a-fast-query-engine-for-lakehouse-systems/</guid>
      <description>Databricks 2022年在SIGMOD上发表的论文(最佳工业论文奖)，由于I/O方面有很多优化措施，而JVM的对向量化支持较差，之后用C++实现了向量化的执行引擎Photon，来实现进一步的性能提升；首先是从最底层scan开始替换，因为中间替换的代价较高，之后不断往上，直到某个算子Photon不能适配，则由列存转换为Spark的行存，退回到Spark执行，总体看性能可以提升好几倍</description>
    </item>
    
    <item>
      <title>Spark SQL论文</title>
      <link>https://hehe-1234.xyz/post/2022/07/spark-sql%E8%AE%BA%E6%96%87/</link>
      <pubDate>Fri, 01 Jul 2022 20:45:19 +0800</pubDate>
      
      <guid>https://hehe-1234.xyz/post/2022/07/spark-sql%E8%AE%BA%E6%96%87/</guid>
      <description>Spark SQL: Relational Data Processing in Spark 论文</description>
    </item>
    
    <item>
      <title>Spark逻辑计划的解析</title>
      <link>https://hehe-1234.xyz/post/2022/03/spark%E9%80%BB%E8%BE%91%E8%AE%A1%E5%88%92%E7%9A%84%E8%A7%A3%E6%9E%90/</link>
      <pubDate>Sun, 06 Mar 2022 11:20:43 +0800</pubDate>
      
      <guid>https://hehe-1234.xyz/post/2022/03/spark%E9%80%BB%E8%BE%91%E8%AE%A1%E5%88%92%E7%9A%84%E8%A7%A3%E6%9E%90/</guid>
      <description>介绍spark是如何做逻辑计划解析，并优化的</description>
    </item>
    
    <item>
      <title>Spark的注入规则</title>
      <link>https://hehe-1234.xyz/post/2022/03/spark%E7%9A%84%E6%B3%A8%E5%85%A5%E8%A7%84%E5%88%99/</link>
      <pubDate>Fri, 04 Mar 2022 21:46:12 +0800</pubDate>
      
      <guid>https://hehe-1234.xyz/post/2022/03/spark%E7%9A%84%E6%B3%A8%E5%85%A5%E8%A7%84%E5%88%99/</guid>
      <description>扩展Spark的注入规则，实现updaet</description>
    </item>
    
    <item>
      <title>Spark论文</title>
      <link>https://hehe-1234.xyz/post/2021/11/spark%E8%AE%BA%E6%96%87/</link>
      <pubDate>Sat, 06 Nov 2021 08:49:11 +0800</pubDate>
      
      <guid>https://hehe-1234.xyz/post/2021/11/spark%E8%AE%BA%E6%96%87/</guid>
      <description>读Spark论文</description>
    </item>
    
  </channel>
</rss>
