<?xml version="1.0" encoding="utf-8" standalone="yes"?>
<rss version="2.0" xmlns:atom="http://www.w3.org/2005/Atom">
  <channel>
    <title>2021年 on 一个程序员的博客</title>
    <link>https://hehe-1234.xyz/years/2021%E5%B9%B4/</link>
    <description>Recent content in 2021年 on 一个程序员的博客</description>
    <generator>Hugo -- gohugo.io</generator>
    <language>zh-CN</language>
    <lastBuildDate>Thu, 30 Dec 2021 13:07:19 +0800</lastBuildDate><atom:link href="https://hehe-1234.xyz/years/2021%E5%B9%B4/index.xml" rel="self" type="application/rss+xml" />
    <item>
      <title>数据迁移工具DB-bridge</title>
      <link>https://hehe-1234.xyz/post/2021/12/%E6%95%B0%E6%8D%AE%E8%BF%81%E7%A7%BB%E5%B7%A5%E5%85%B7db-bridge/</link>
      <pubDate>Thu, 30 Dec 2021 13:07:19 +0800</pubDate>
      
      <guid>https://hehe-1234.xyz/post/2021/12/%E6%95%B0%E6%8D%AE%E8%BF%81%E7%A7%BB%E5%B7%A5%E5%85%B7db-bridge/</guid>
      <description>Teradata调研</description>
    </item>
    
    <item>
      <title>HANA调研</title>
      <link>https://hehe-1234.xyz/post/2021/12/hana%E8%B0%83%E7%A0%94/</link>
      <pubDate>Wed, 29 Dec 2021 13:07:19 +0800</pubDate>
      
      <guid>https://hehe-1234.xyz/post/2021/12/hana%E8%B0%83%E7%A0%94/</guid>
      <description>HANA调研</description>
    </item>
    
    <item>
      <title>Teradata调研</title>
      <link>https://hehe-1234.xyz/post/2021/12/teradata%E8%B0%83%E7%A0%94/</link>
      <pubDate>Tue, 28 Dec 2021 13:07:19 +0800</pubDate>
      
      <guid>https://hehe-1234.xyz/post/2021/12/teradata%E8%B0%83%E7%A0%94/</guid>
      <description>Teradata调研</description>
    </item>
    
    <item>
      <title>统一查询项目整合Calcite</title>
      <link>https://hehe-1234.xyz/post/2021/12/%E7%BB%9F%E4%B8%80%E6%9F%A5%E8%AF%A2%E6%95%B4%E5%90%88calcite/</link>
      <pubDate>Mon, 27 Dec 2021 13:07:19 +0800</pubDate>
      
      <guid>https://hehe-1234.xyz/post/2021/12/%E7%BB%9F%E4%B8%80%E6%9F%A5%E8%AF%A2%E6%95%B4%E5%90%88calcite/</guid>
      <description>统一查询项目介绍</description>
    </item>
    
    <item>
      <title>统一查询项目介绍</title>
      <link>https://hehe-1234.xyz/post/2021/12/%E7%BB%9F%E4%B8%80%E6%9F%A5%E8%AF%A2%E9%A1%B9%E7%9B%AE%E4%BB%8B%E7%BB%8D/</link>
      <pubDate>Sun, 26 Dec 2021 13:07:19 +0800</pubDate>
      
      <guid>https://hehe-1234.xyz/post/2021/12/%E7%BB%9F%E4%B8%80%E6%9F%A5%E8%AF%A2%E9%A1%B9%E7%9B%AE%E4%BB%8B%E7%BB%8D/</guid>
      <description>统一查询项目介绍</description>
    </item>
    
    <item>
      <title>QuickSQL执行过程</title>
      <link>https://hehe-1234.xyz/post/2021/12/quicksql%E6%89%A7%E8%A1%8C%E8%BF%87%E7%A8%8B/</link>
      <pubDate>Sun, 26 Dec 2021 13:06:19 +0800</pubDate>
      
      <guid>https://hehe-1234.xyz/post/2021/12/quicksql%E6%89%A7%E8%A1%8C%E8%BF%87%E7%A8%8B/</guid>
      <description>quick-sql 原理分析</description>
    </item>
    
    <item>
      <title>分布式数据库课程中的论文</title>
      <link>https://hehe-1234.xyz/post/2021/12/%E5%88%86%E5%B8%83%E5%BC%8F%E6%95%B0%E6%8D%AE%E5%BA%93%E8%AF%BE%E7%A8%8B%E4%B8%AD%E7%9A%84%E8%AE%BA%E6%96%87/</link>
      <pubDate>Sun, 19 Dec 2021 20:53:31 +0800</pubDate>
      
      <guid>https://hehe-1234.xyz/post/2021/12/%E5%88%86%E5%B8%83%E5%BC%8F%E6%95%B0%E6%8D%AE%E5%BA%93%E8%AF%BE%E7%A8%8B%E4%B8%AD%E7%9A%84%E8%AE%BA%E6%96%87/</guid>
      <description>这里罗列了《分布式数据库课程中的论文》这个网络课程中推荐的论文</description>
    </item>
    
    <item>
      <title>数据密集型应用设计读书笔记</title>
      <link>https://hehe-1234.xyz/post/2021/12/%E6%95%B0%E6%8D%AE%E5%AF%86%E9%9B%86%E5%9E%8B%E5%BA%94%E7%94%A8%E8%AE%BE%E8%AE%A1/</link>
      <pubDate>Thu, 02 Dec 2021 12:07:19 +0800</pubDate>
      
      <guid>https://hehe-1234.xyz/post/2021/12/%E6%95%B0%E6%8D%AE%E5%AF%86%E9%9B%86%E5%9E%8B%E5%BA%94%E7%94%A8%E8%AE%BE%E8%AE%A1/</guid>
      <description>读《数据密集型应用设计》</description>
    </item>
    
    <item>
      <title>HANA和TeraData数据库迁移调研</title>
      <link>https://hehe-1234.xyz/post/2021/11/hana%E5%92%8Cteradata%E6%95%B0%E6%8D%AE%E5%BA%93%E8%BF%81%E7%A7%BB%E8%B0%83%E7%A0%94/</link>
      <pubDate>Fri, 26 Nov 2021 17:46:21 +0800</pubDate>
      
      <guid>https://hehe-1234.xyz/post/2021/11/hana%E5%92%8Cteradata%E6%95%B0%E6%8D%AE%E5%BA%93%E8%BF%81%E7%A7%BB%E8%B0%83%E7%A0%94/</guid>
      <description>调研HANA和TD的数据类型，各种语法，调研迁移的可能性</description>
    </item>
    
    <item>
      <title>TPC-DS</title>
      <link>https://hehe-1234.xyz/post/2021/11/tpc-ds/</link>
      <pubDate>Fri, 26 Nov 2021 17:46:21 +0800</pubDate>
      
      <guid>https://hehe-1234.xyz/post/2021/11/tpc-ds/</guid>
      <description>TPC-DS的安装和测试</description>
    </item>
    
    <item>
      <title>Spark论文</title>
      <link>https://hehe-1234.xyz/post/2021/11/spark%E8%AE%BA%E6%96%87/</link>
      <pubDate>Sat, 06 Nov 2021 08:49:11 +0800</pubDate>
      
      <guid>https://hehe-1234.xyz/post/2021/11/spark%E8%AE%BA%E6%96%87/</guid>
      <description>读Spark论文</description>
    </item>
    
    <item>
      <title>从汇编角度看程序的执行</title>
      <link>https://hehe-1234.xyz/post/2021/10/%E4%BB%8E%E6%B1%87%E7%BC%96%E8%A7%92%E5%BA%A6%E7%9C%8B%E7%A8%8B%E5%BA%8F%E7%9A%84%E6%89%A7%E8%A1%8C/</link>
      <pubDate>Sun, 10 Oct 2021 14:09:03 +0800</pubDate>
      
      <guid>https://hehe-1234.xyz/post/2021/10/%E4%BB%8E%E6%B1%87%E7%BC%96%E8%A7%92%E5%BA%A6%E7%9C%8B%E7%A8%8B%E5%BA%8F%E7%9A%84%E6%89%A7%E8%A1%8C/</guid>
      <description>分析一段程序的汇编代码，循环、函数调用、浮点执行等</description>
    </item>
    
    <item>
      <title>微服务的设计的IDEALS</title>
      <link>https://hehe-1234.xyz/post/2021/09/%E5%BE%AE%E6%9C%8D%E5%8A%A1%E7%9A%84%E8%AE%BE%E8%AE%A1%E7%9A%84ideals/</link>
      <pubDate>Mon, 27 Sep 2021 18:34:37 +0800</pubDate>
      
      <guid>https://hehe-1234.xyz/post/2021/09/%E5%BE%AE%E6%9C%8D%E5%8A%A1%E7%9A%84%E8%AE%BE%E8%AE%A1%E7%9A%84ideals/</guid>
      <description>微服务的设计的IDEALS</description>
    </item>
    
    <item>
      <title>第一篇文章</title>
      <link>https://hehe-1234.xyz/post/2021/09/%E7%AC%AC%E4%B8%80%E7%AF%87%E6%96%87%E7%AB%A0/</link>
      <pubDate>Wed, 22 Sep 2021 13:58:33 +0800</pubDate>
      
      <guid>https://hehe-1234.xyz/post/2021/09/%E7%AC%AC%E4%B8%80%E7%AF%87%E6%96%87%E7%AB%A0/</guid>
      <description>用hugo+github自建的博客</description>
    </item>
    
  </channel>
</rss>
