<?xml version="1.0" encoding="utf-8" standalone="yes"?>
<rss version="2.0" xmlns:atom="http://www.w3.org/2005/Atom">
  <channel>
    <title>大数据 on 一个程序员的博客</title>
    <link>https://hehe-1234.xyz/tags/%E5%A4%A7%E6%95%B0%E6%8D%AE/</link>
    <description>Recent content in 大数据 on 一个程序员的博客</description>
    <generator>Hugo -- gohugo.io</generator>
    <language>zh-CN</language>
    <lastBuildDate>Sun, 19 Nov 2023 09:13:07 +0800</lastBuildDate><atom:link href="https://hehe-1234.xyz/tags/%E5%A4%A7%E6%95%B0%E6%8D%AE/index.xml" rel="self" type="application/rss+xml" />
    <item>
      <title>The History of Big data</title>
      <link>https://hehe-1234.xyz/post/2023/11/%E5%A4%A7%E6%95%B0%E6%8D%AE%E5%8E%86%E5%8F%B2/</link>
      <pubDate>Sun, 19 Nov 2023 09:13:07 +0800</pubDate>
      
      <guid>https://hehe-1234.xyz/post/2023/11/%E5%A4%A7%E6%95%B0%E6%8D%AE%E5%8E%86%E5%8F%B2/</guid>
      <description>从谷歌的三篇论文到Hadoop的诞生，再是各种开源产品依次出现，Hive对MapReduce的易用性改进，三大Hadoop 供应商，谷歌新三篇论文诞生了交互式查询（三大供应商推出）以及各种开源存储格式，Spark的出现和各种流处理系统，Netflix也证明了云的强大，流批一体以及各种分布式调度系统，基于云的数仓产品出现，HDFS替换上云、容器化出现、全托管数仓Modern Data Stack、深度学习对Hadoop的影响，三大供应商被收购，三大开放表格存储的出现，几个元数据管理产品，几个新的调度框架，LakeHouse的出现以及相关类似云产品</description>
    </item>
    
  </channel>
</rss>
