<?xml version="1.0" encoding="utf-8" standalone="yes"?>
<rss version="2.0" xmlns:atom="http://www.w3.org/2005/Atom">
  <channel>
    <title>MapReduce on 一个程序员的博客</title>
    <link>https://hehe-1234.xyz/tags/mapreduce/</link>
    <description>Recent content in MapReduce on 一个程序员的博客</description>
    <generator>Hugo -- gohugo.io</generator>
    <language>zh-CN</language>
    <lastBuildDate>Sat, 26 Mar 2022 11:38:31 +0800</lastBuildDate><atom:link href="https://hehe-1234.xyz/tags/mapreduce/index.xml" rel="self" type="application/rss+xml" />
    <item>
      <title>MapRedue是一个巨大的退步</title>
      <link>https://hehe-1234.xyz/post/2022/03/mapredue%E6%98%AF%E4%B8%80%E4%B8%AA%E5%B7%A8%E5%A4%A7%E7%9A%84%E9%80%80%E6%AD%A5/</link>
      <pubDate>Sat, 26 Mar 2022 11:38:31 +0800</pubDate>
      
      <guid>https://hehe-1234.xyz/post/2022/03/mapredue%E6%98%AF%E4%B8%80%E4%B8%AA%E5%B7%A8%E5%A4%A7%E7%9A%84%E9%80%80%E6%AD%A5/</guid>
      <description>2008年的一篇文章，著名数据库专家抨击MapReduce相比数据库是巨大退步</description>
    </item>
    
  </channel>
</rss>
