<?xml version="1.0" encoding="utf-8" standalone="yes"?>
<rss version="2.0" xmlns:atom="http://www.w3.org/2005/Atom">
  <channel>
    <title>Categories on 一个程序员的博客</title>
    <link>https://hehe-1234.xyz/categories/</link>
    <description>Recent content in Categories on 一个程序员的博客</description>
    <generator>Hugo -- gohugo.io</generator>
    <language>zh-CN</language>
    <lastBuildDate>Mon, 27 Jan 2025 01:08:07 +0800</lastBuildDate><atom:link href="https://hehe-1234.xyz/categories/index.xml" rel="self" type="application/rss+xml" />
    <item>
      <title>架构</title>
      <link>https://hehe-1234.xyz/categories/%E6%9E%B6%E6%9E%84/</link>
      <pubDate>Mon, 27 Jan 2025 01:08:07 +0800</pubDate>
      
      <guid>https://hehe-1234.xyz/categories/%E6%9E%B6%E6%9E%84/</guid>
      <description></description>
    </item>
    
    <item>
      <title>编程语言</title>
      <link>https://hehe-1234.xyz/categories/%E7%BC%96%E7%A8%8B%E8%AF%AD%E8%A8%80/</link>
      <pubDate>Sun, 12 Jan 2025 01:08:07 +0800</pubDate>
      
      <guid>https://hehe-1234.xyz/categories/%E7%BC%96%E7%A8%8B%E8%AF%AD%E8%A8%80/</guid>
      <description></description>
    </item>
    
    <item>
      <title>工作记录</title>
      <link>https://hehe-1234.xyz/categories/%E5%B7%A5%E4%BD%9C%E8%AE%B0%E5%BD%95/</link>
      <pubDate>Thu, 24 Oct 2024 09:13:07 +0800</pubDate>
      
      <guid>https://hehe-1234.xyz/categories/%E5%B7%A5%E4%BD%9C%E8%AE%B0%E5%BD%95/</guid>
      <description></description>
    </item>
    
    <item>
      <title>大数据</title>
      <link>https://hehe-1234.xyz/categories/%E5%A4%A7%E6%95%B0%E6%8D%AE/</link>
      <pubDate>Wed, 02 Oct 2024 09:08:07 +0800</pubDate>
      
      <guid>https://hehe-1234.xyz/categories/%E5%A4%A7%E6%95%B0%E6%8D%AE/</guid>
      <description></description>
    </item>
    
    <item>
      <title>数据库</title>
      <link>https://hehe-1234.xyz/categories/%E6%95%B0%E6%8D%AE%E5%BA%93/</link>
      <pubDate>Sun, 25 Aug 2024 09:08:07 +0800</pubDate>
      
      <guid>https://hehe-1234.xyz/categories/%E6%95%B0%E6%8D%AE%E5%BA%93/</guid>
      <description></description>
    </item>
    
    <item>
      <title>原理分析</title>
      <link>https://hehe-1234.xyz/categories/%E5%8E%9F%E7%90%86%E5%88%86%E6%9E%90/</link>
      <pubDate>Sat, 02 Mar 2024 09:08:07 +0800</pubDate>
      
      <guid>https://hehe-1234.xyz/categories/%E5%8E%9F%E7%90%86%E5%88%86%E6%9E%90/</guid>
      <description></description>
    </item>
    
    <item>
      <title>行业观察</title>
      <link>https://hehe-1234.xyz/categories/%E8%A1%8C%E4%B8%9A%E8%A7%82%E5%AF%9F/</link>
      <pubDate>Fri, 02 Feb 2024 09:08:07 +0800</pubDate>
      
      <guid>https://hehe-1234.xyz/categories/%E8%A1%8C%E4%B8%9A%E8%A7%82%E5%AF%9F/</guid>
      <description></description>
    </item>
    
    <item>
      <title>读书笔记</title>
      <link>https://hehe-1234.xyz/categories/%E8%AF%BB%E4%B9%A6%E7%AC%94%E8%AE%B0/</link>
      <pubDate>Sun, 21 May 2023 09:23:04 +0800</pubDate>
      
      <guid>https://hehe-1234.xyz/categories/%E8%AF%BB%E4%B9%A6%E7%AC%94%E8%AE%B0/</guid>
      <description></description>
    </item>
    
    <item>
      <title>系统</title>
      <link>https://hehe-1234.xyz/categories/%E7%B3%BB%E7%BB%9F/</link>
      <pubDate>Thu, 17 Nov 2022 08:35:19 +0800</pubDate>
      
      <guid>https://hehe-1234.xyz/categories/%E7%B3%BB%E7%BB%9F/</guid>
      <description></description>
    </item>
    
    <item>
      <title>算法</title>
      <link>https://hehe-1234.xyz/categories/%E7%AE%97%E6%B3%95/</link>
      <pubDate>Sat, 15 Oct 2022 12:12:19 +0800</pubDate>
      
      <guid>https://hehe-1234.xyz/categories/%E7%AE%97%E6%B3%95/</guid>
      <description></description>
    </item>
    
    <item>
      <title>分布式</title>
      <link>https://hehe-1234.xyz/categories/%E5%88%86%E5%B8%83%E5%BC%8F/</link>
      <pubDate>Thu, 16 Jun 2022 09:43:19 +0800</pubDate>
      
      <guid>https://hehe-1234.xyz/categories/%E5%88%86%E5%B8%83%E5%BC%8F/</guid>
      <description></description>
    </item>
    
    <item>
      <title>随便写写</title>
      <link>https://hehe-1234.xyz/categories/%E9%9A%8F%E4%BE%BF%E5%86%99%E5%86%99/</link>
      <pubDate>Wed, 22 Sep 2021 13:58:33 +0800</pubDate>
      
      <guid>https://hehe-1234.xyz/categories/%E9%9A%8F%E4%BE%BF%E5%86%99%E5%86%99/</guid>
      <description></description>
    </item>
    
  </channel>
</rss>
