<?xml version="1.0" encoding="utf-8" standalone="yes"?>
<rss version="2.0" xmlns:atom="http://www.w3.org/2005/Atom">
  <channel>
    <title>log4j on 一个程序员的博客</title>
    <link>https://hehe-1234.xyz/tags/log4j/</link>
    <description>Recent content in log4j on 一个程序员的博客</description>
    <generator>Hugo -- gohugo.io</generator>
    <language>zh-CN</language>
    <lastBuildDate>Mon, 27 Jan 2025 01:08:07 +0800</lastBuildDate><atom:link href="https://hehe-1234.xyz/tags/log4j/index.xml" rel="self" type="application/rss+xml" />
    <item>
      <title>云环境中的日志收集和处理方案</title>
      <link>https://hehe-1234.xyz/post/2025/01/logs_collection_based_cloud/</link>
      <pubDate>Mon, 27 Jan 2025 01:08:07 +0800</pubDate>
      
      <guid>https://hehe-1234.xyz/post/2025/01/logs_collection_based_cloud/</guid>
      <description>云环境日志收集，收集方式：直接读日志文件、log4j扩展。日志处理：写kafka、直接写共享存储、直接写s3、使用raft集群处理、使用NewSQL</description>
    </item>
    
  </channel>
</rss>
