<?xml version="1.0" encoding="utf-8" standalone="yes"?>
<rss version="2.0" xmlns:atom="http://www.w3.org/2005/Atom">
  <channel>
    <title>微服务 on 一个程序员的博客</title>
    <link>https://hehe-1234.xyz/tags/%E5%BE%AE%E6%9C%8D%E5%8A%A1/</link>
    <description>Recent content in 微服务 on 一个程序员的博客</description>
    <generator>Hugo -- gohugo.io</generator>
    <language>zh-CN</language>
    <lastBuildDate>Mon, 27 Sep 2021 18:34:37 +0800</lastBuildDate><atom:link href="https://hehe-1234.xyz/tags/%E5%BE%AE%E6%9C%8D%E5%8A%A1/index.xml" rel="self" type="application/rss+xml" />
    <item>
      <title>微服务的设计的IDEALS</title>
      <link>https://hehe-1234.xyz/post/2021/09/%E5%BE%AE%E6%9C%8D%E5%8A%A1%E7%9A%84%E8%AE%BE%E8%AE%A1%E7%9A%84ideals/</link>
      <pubDate>Mon, 27 Sep 2021 18:34:37 +0800</pubDate>
      
      <guid>https://hehe-1234.xyz/post/2021/09/%E5%BE%AE%E6%9C%8D%E5%8A%A1%E7%9A%84%E8%AE%BE%E8%AE%A1%E7%9A%84ideals/</guid>
      <description>微服务的设计的IDEALS</description>
    </item>
    
  </channel>
</rss>
