<?xml version="1.0" encoding="utf-8" standalone="yes"?>
<rss version="2.0" xmlns:atom="http://www.w3.org/2005/Atom">
  <channel>
    <title>读书笔记 on 一个程序员的博客</title>
    <link>https://hehe-1234.xyz/tags/%E8%AF%BB%E4%B9%A6%E7%AC%94%E8%AE%B0/</link>
    <description>Recent content in 读书笔记 on 一个程序员的博客</description>
    <generator>Hugo -- gohugo.io</generator>
    <language>zh-CN</language>
    <lastBuildDate>Sun, 19 Dec 2021 20:53:31 +0800</lastBuildDate><atom:link href="https://hehe-1234.xyz/tags/%E8%AF%BB%E4%B9%A6%E7%AC%94%E8%AE%B0/index.xml" rel="self" type="application/rss+xml" />
    <item>
      <title>分布式数据库课程中的论文</title>
      <link>https://hehe-1234.xyz/post/2021/12/%E5%88%86%E5%B8%83%E5%BC%8F%E6%95%B0%E6%8D%AE%E5%BA%93%E8%AF%BE%E7%A8%8B%E4%B8%AD%E7%9A%84%E8%AE%BA%E6%96%87/</link>
      <pubDate>Sun, 19 Dec 2021 20:53:31 +0800</pubDate>
      
      <guid>https://hehe-1234.xyz/post/2021/12/%E5%88%86%E5%B8%83%E5%BC%8F%E6%95%B0%E6%8D%AE%E5%BA%93%E8%AF%BE%E7%A8%8B%E4%B8%AD%E7%9A%84%E8%AE%BA%E6%96%87/</guid>
      <description>这里罗列了《分布式数据库课程中的论文》这个网络课程中推荐的论文</description>
    </item>
    
    <item>
      <title>数据密集型应用设计读书笔记</title>
      <link>https://hehe-1234.xyz/post/2021/12/%E6%95%B0%E6%8D%AE%E5%AF%86%E9%9B%86%E5%9E%8B%E5%BA%94%E7%94%A8%E8%AE%BE%E8%AE%A1/</link>
      <pubDate>Thu, 02 Dec 2021 12:07:19 +0800</pubDate>
      
      <guid>https://hehe-1234.xyz/post/2021/12/%E6%95%B0%E6%8D%AE%E5%AF%86%E9%9B%86%E5%9E%8B%E5%BA%94%E7%94%A8%E8%AE%BE%E8%AE%A1/</guid>
      <description>读《数据密集型应用设计》</description>
    </item>
    
  </channel>
</rss>
