<?xml version="1.0" encoding="utf-8" standalone="yes"?>
<rss version="2.0" xmlns:atom="http://www.w3.org/2005/Atom">
  <channel>
    <title>BTrace on 一个程序员的博客</title>
    <link>https://hehe-1234.xyz/tags/btrace/</link>
    <description>Recent content in BTrace on 一个程序员的博客</description>
    <generator>Hugo -- gohugo.io</generator>
    <language>zh-CN</language>
    <lastBuildDate>Sun, 12 Jan 2025 01:08:07 +0800</lastBuildDate><atom:link href="https://hehe-1234.xyz/tags/btrace/index.xml" rel="self" type="application/rss+xml" />
    <item>
      <title>BTrace</title>
      <link>https://hehe-1234.xyz/post/2025/01/btrace/</link>
      <pubDate>Sun, 12 Jan 2025 01:08:07 +0800</pubDate>
      
      <guid>https://hehe-1234.xyz/post/2025/01/btrace/</guid>
      <description>btrace的一个例子，arthas 的retransform，jdb 调试。以及其他一些分析工具，如 JDK 内置的、分布式监控工具、火焰图、jfr、visualvm、jprofiler、MAT 等等</description>
    </item>
    
  </channel>
</rss>
