<?xml version="1.0" encoding="utf-8" standalone="yes"?>
<rss version="2.0" xmlns:atom="http://www.w3.org/2005/Atom">
  <channel>
    <title>TPCx-HS on 一个程序员的博客</title>
    <link>https://hehe-1234.xyz/tags/tpcx-hs/</link>
    <description>Recent content in TPCx-HS on 一个程序员的博客</description>
    <generator>Hugo -- gohugo.io</generator>
    <language>zh-CN</language>
    <lastBuildDate>Thu, 09 Nov 2023 09:13:07 +0800</lastBuildDate><atom:link href="https://hehe-1234.xyz/tags/tpcx-hs/index.xml" rel="self" type="application/rss+xml" />
    <item>
      <title>TPCx-HS优化总结</title>
      <link>https://hehe-1234.xyz/post/2023/11/tpcx-hs%E4%BC%98%E5%8C%96%E6%80%BB%E7%BB%93/</link>
      <pubDate>Thu, 09 Nov 2023 09:13:07 +0800</pubDate>
      
      <guid>https://hehe-1234.xyz/post/2023/11/tpcx-hs%E4%BC%98%E5%8C%96%E6%80%BB%E7%BB%93/</guid>
      <description>TPCx-HS优化总结</description>
    </item>
    
  </channel>
</rss>
