<?xml version="1.0" encoding="utf-8" standalone="yes"?>
<rss version="2.0" xmlns:atom="http://www.w3.org/2005/Atom">
  <channel>
    <title>k8s on 一个程序员的博客</title>
    <link>https://hehe-1234.xyz/tags/k8s/</link>
    <description>Recent content in k8s on 一个程序员的博客</description>
    <generator>Hugo -- gohugo.io</generator>
    <language>zh-CN</language>
    <lastBuildDate>Mon, 04 Nov 2024 09:08:07 +0800</lastBuildDate><atom:link href="https://hehe-1234.xyz/tags/k8s/index.xml" rel="self" type="application/rss+xml" />
    <item>
      <title>k8s 网络</title>
      <link>https://hehe-1234.xyz/post/2024/11/k8s_networks/</link>
      <pubDate>Mon, 04 Nov 2024 09:08:07 +0800</pubDate>
      
      <guid>https://hehe-1234.xyz/post/2024/11/k8s_networks/</guid>
      <description>覆盖网络，Flannel 的 UDP模式、xvlan模式、host-gw，Calico 采用了BGP做三层转发，为防止退化为 IPIP，需要设置 BGP 的跳数。 使用 Network Policy 做网络隔离，k8s 的网络本质都是连通的，像是弱多租户。CNI 插件 的网络插件。Service 是由 kube-proxy 组件，加上 iptables 来共同实现的；所谓 Ingress，就是 Service 的“Service”。 调度：根据 etcd 的变化选择合适的 Node 做调度，Priorities为节点打分；Pod 调度失败的情况(抢占、优先级)；K8S 中两个不可替代的组件：kube-apiserver、kubelet；核心是循环控制器检查，容器运行时：CRI，除了docker还有containerd，基于虚拟化的：Kata Containers、gVisor</description>
    </item>
    
    <item>
      <title>k8s POD使用总结</title>
      <link>https://hehe-1234.xyz/post/2022/09/k8s%E4%BD%BF%E7%94%A8/</link>
      <pubDate>Sun, 18 Sep 2022 12:12:19 +0800</pubDate>
      
      <guid>https://hehe-1234.xyz/post/2022/09/k8s%E4%BD%BF%E7%94%A8/</guid>
      <description>k8s使用的一些记录</description>
    </item>
    
  </channel>
</rss>
