<?xml version="1.0" encoding="utf-8" standalone="yes"?>
<rss version="2.0" xmlns:atom="http://www.w3.org/2005/Atom">
  <channel>
    <title>编译原理 on 一个程序员的博客</title>
    <link>https://hehe-1234.xyz/tags/%E7%BC%96%E8%AF%91%E5%8E%9F%E7%90%86/</link>
    <description>Recent content in 编译原理 on 一个程序员的博客</description>
    <generator>Hugo -- gohugo.io</generator>
    <language>zh-CN</language>
    <lastBuildDate>Sat, 26 Feb 2022 15:15:11 +0800</lastBuildDate><atom:link href="https://hehe-1234.xyz/tags/%E7%BC%96%E8%AF%91%E5%8E%9F%E7%90%86/index.xml" rel="self" type="application/rss+xml" />
    <item>
      <title>用javacc实现四则运算</title>
      <link>https://hehe-1234.xyz/post/2022/02/%E7%94%A8javacc%E5%AE%9E%E7%8E%B0%E5%9B%9B%E5%88%99%E8%BF%90%E7%AE%97/</link>
      <pubDate>Sat, 26 Feb 2022 15:15:11 +0800</pubDate>
      
      <guid>https://hehe-1234.xyz/post/2022/02/%E7%94%A8javacc%E5%AE%9E%E7%8E%B0%E5%9B%9B%E5%88%99%E8%BF%90%E7%AE%97/</guid>
      <description>用javacc实现四则运算</description>
    </item>
    
  </channel>
</rss>
