<?xml version="1.0" encoding="utf-8" standalone="yes"?>
<rss version="2.0" xmlns:atom="http://www.w3.org/2005/Atom">
  <channel>
    <title>工作记录 on 一个程序员的博客</title>
    <link>https://hehe-1234.xyz/categories/%E5%B7%A5%E4%BD%9C%E8%AE%B0%E5%BD%95/</link>
    <description>Recent content in 工作记录 on 一个程序员的博客</description>
    <generator>Hugo -- gohugo.io</generator>
    <language>zh-CN</language>
    <lastBuildDate>Thu, 24 Oct 2024 09:13:07 +0800</lastBuildDate><atom:link href="https://hehe-1234.xyz/categories/%E5%B7%A5%E4%BD%9C%E8%AE%B0%E5%BD%95/index.xml" rel="self" type="application/rss+xml" />
    <item>
      <title>个人工作简介</title>
      <link>https://hehe-1234.xyz/post/2024/10/me/</link>
      <pubDate>Thu, 24 Oct 2024 09:13:07 +0800</pubDate>
      
      <guid>https://hehe-1234.xyz/post/2024/10/me/</guid>
      <description>工作简介，包括几份工作的主要工作内容、详细工作内容的链接、产品的架构设计图等</description>
    </item>
    
  </channel>
</rss>
